client_id,prenom,nom
CLIENT_001,Laura,Faure
CLIENT_002,Theo,Bertrand
CLIENT_003,Marine,Lambert
CLIENT_004,Julie,Morel
CLIENT_005,Vincent,Roussel
CLIENT_006,Marine,Lambert
CLIENT_007,Yasmine,Nicolas
CLIENT_008,Yasmine,Moreau
CLIENT_009,Adrien,Martinez
CLIENT_010,Vincent,Garcia
CLIENT_011,Sofiane,Lefebvre
CLIENT_012,Nora,Lefevre
CLIENT_013,Margaux,Blanc
CLIENT_014,Lucie,Legrand
CLIENT_015,Baptiste,Garnier
CLIENT_016,Alexandre,Lefebvre
CLIENT_017,Manon,Fournier
CLIENT_018,Mathieu,Vincent
CLIENT_019,Anais,Rousseau
CLIENT_020,Clara,Simon
CLIENT_021,Emma,Petit
CLIENT_022,Sofiane,Michel
CLIENT_023,Alicia,Garnier
CLIENT_024,Emma,David
CLIENT_025,Sabrina,Guerin
CLIENT_026,Kevin,Fournier
CLIENT_027,Nicolas,David
CLIENT_028,Kevin,Bernard
CLIENT_029,Mehdi,Martinez
CLIENT_030,Lea,David
CLIENT_031,Anais,Rousseau
CLIENT_032,Elise,Faure
CLIENT_033,Mathieu,Nicolas
CLIENT_034,Romain,Michel
CLIENT_035,Clement,Martinez
CLIENT_036,Sofiane,Blanc
CLIENT_037,Lucas,Garcia
CLIENT_038,Rayan,Michel
CLIENT_039,Baptiste,Legrand
CLIENT_040,Manon,Martinez
CLIENT_041,Florian,Lefebvre
CLIENT_042,Alicia,Blanc
CLIENT_043,Sabrina,Roussel
CLIENT_044,Sofiane,Faure
CLIENT_045,Camille,Nicolas
CLIENT_046,Julie,Nicolas
CLIENT_047,Arthur,Nicolas
CLIENT_048,Sofiane,Martinez
CLIENT_049,Camille,Leroy
CLIENT_050,Bilal,Muller
CLIENT_051,Hugo,Francois
CLIENT_052,Hugo,Leroy
CLIENT_053,Charlotte,Roussel
CLIENT_054,Anais,Perrin
CLIENT_055,Alicia,Martinez
CLIENT_056,Sofia,Muller
CLIENT_057,Thomas,Nicolas
CLIENT_058,Nora,Petit
CLIENT_059,Thomas,Mercier
CLIENT_060,Quentin,Morel
CLIENT_061,Emma,Durand
CLIENT_062,Romain,Bonnet
CLIENT_063,Melanie,Muller
CLIENT_064,Celia,Francois
CLIENT_065,Laura,Guerin
CLIENT_066,Justine,Dubois
CLIENT_067,Manon,Simon
CLIENT_068,Adrien,Lefevre
CLIENT_069,Maxime,Bertrand
CLIENT_070,Clement,Roux
CLIENT_071,Simon,Bertrand
CLIENT_072,Thomas,Bernard
CLIENT_073,Julie,Bonnet
CLIENT_074,Quentin,Roux
CLIENT_075,Benjamin,Faure
CLIENT_076,Guillaume,Faure
CLIENT_077,Hugo,Henry
CLIENT_078,Melanie,Blanc
CLIENT_079,Marine,Roux
CLIENT_080,Oceane,Perrin
CLIENT_081,Margaux,Lefebvre
CLIENT_082,Mathieu,Michel
CLIENT_083,Julie,Muller
CLIENT_084,Nathan,Bernard
CLIENT_085,Gabriel,Guerin
CLIENT_086,Vincent,Francois
CLIENT_087,Marion,Garcia
CLIENT_088,Nathan,Dupont
CLIENT_089,Gabriel,Rousseau
CLIENT_090,Vincent,Petit
CLIENT_091,Yanis,Dubois
CLIENT_092,Julie,Bonnet
CLIENT_093,Romain,Dubois
CLIENT_094,Clement,Lefevre
CLIENT_095,Thomas,Rousseau
CLIENT_096,Sarah,Vincent
CLIENT_097,Alexandre,Morel
CLIENT_098,Kevin,Michel
CLIENT_099,Baptiste,Leroy
CLIENT_100,Emma,Dupont
CLIENT_101,Elise,Bertrand
CLIENT_102,Oceane,Garcia
CLIENT_103,Julien,Nicolas
CLIENT_104,Anais,Robert
CLIENT_105,Justine,Garnier
CLIENT_106,Pauline,Rousseau
CLIENT_107,Mehdi,Fournier
CLIENT_108,Maxime,Dubois
CLIENT_109,Theo,Muller
CLIENT_110,Yasmine,Henry
CLIENT_111,Lucas,Dupont
CLIENT_112,Rayan,Laurent
CLIENT_113,Baptiste,Garcia
CLIENT_114,Sarah,Legrand
CLIENT_115,Mehdi,Girard
CLIENT_116,Clara,Lambert
CLIENT_117,Lucie,Henry
CLIENT_118,Alicia,Dubois
CLIENT_119,Theo,Laurent
CLIENT_120,Chloe,Bertrand
CLIENT_121,Clara,Henry
CLIENT_122,Charlotte,Dupont
CLIENT_123,Mathieu,Faure
CLIENT_124,Romain,Blanc
CLIENT_125,Maxime,Garnier
CLIENT_126,Antoine,Leroy
CLIENT_127,Maxime,Garcia
CLIENT_128,Lucas,Henry
CLIENT_129,Kevin,Girard
CLIENT_130,Alicia,David
CLIENT_131,Sofiane,Martin
CLIENT_132,Anais,Garnier
CLIENT_133,Justine,Durand
CLIENT_134,Clement,Robert
CLIENT_135,Manon,Dubois
CLIENT_136,Mehdi,Bertrand
CLIENT_137,Emma,Mercier
CLIENT_138,Yanis,Blanc
CLIENT_139,Elise,Lefebvre
CLIENT_140,Florian,Girard
CLIENT_141,Antoine,Michel
CLIENT_142,Thomas,Garnier
CLIENT_143,Clara,Legrand
CLIENT_144,Oceane,Martin
CLIENT_145,Yanis,Robert
CLIENT_146,Karim,Robert
CLIENT_147,Nathan,Martin
CLIENT_148,Mehdi,Robert
CLIENT_149,Kevin,Lambert
CLIENT_150,Gabriel,Legrand
CLIENT_151,Marion,Muller
CLIENT_152,Emma,Guerin
CLIENT_153,Florian,Martinez
CLIENT_154,Sofia,Bonnet
CLIENT_155,Sofiane,Roux
CLIENT_156,Nora,Laurent
CLIENT_157,Mathieu,Mercier
CLIENT_158,Sarah,Roux
CLIENT_159,Elise,Rousseau
CLIENT_160,Pauline,Moreau
CLIENT_161,Benjamin,Laurent
CLIENT_162,Laura,Faure
CLIENT_163,Bilal,David
CLIENT_164,Florian,Morel
CLIENT_165,Manon,Legrand
CLIENT_166,Mehdi,Perrin
CLIENT_167,Yasmine,Perrin
CLIENT_168,Lucie,Roux
CLIENT_169,Sofiane,Martinez
CLIENT_170,Yasmine,Bertrand
CLIENT_171,Florian,Garnier
CLIENT_172,Guillaume,Nicolas
CLIENT_173,Nicolas,Petit
CLIENT_174,Oceane,Legrand
CLIENT_175,Clement,Girard
CLIENT_176,Gabriel,Simon
CLIENT_177,Bilal,Morel
CLIENT_178,Sofia,Lefevre
CLIENT_179,Camille,Bertrand
CLIENT_180,Chloe,Leroy
CLIENT_181,Margaux,Perrin
CLIENT_182,Sofia,David
CLIENT_183,Rayan,Leroy
CLIENT_184,Julien,Michel
CLIENT_185,Laura,Henry
CLIENT_186,Marine,Thomas
CLIENT_187,Theo,Michel
CLIENT_188,Quentin,Durand
CLIENT_189,Emilie,Francois
CLIENT_190,Kevin,Lambert
CLIENT_191,Emilie,Francois
CLIENT_192,Bilal,Bonnet
CLIENT_193,Kevin,Petit
CLIENT_194,Julie,Dupont
CLIENT_195,Clement,Faure
CLIENT_196,Kevin,Durand
CLIENT_197,Emilie,Michel
CLIENT_198,Emma,Martinez
CLIENT_199,Guillaume,Vincent
CLIENT_200,Benjamin,Durand
CLIENT_201,Ines,David
CLIENT_202,Sabrina,Thomas
CLIENT_203,Quentin,Guerin
CLIENT_204,Karim,Legrand
CLIENT_205,Nicolas,David
CLIENT_206,Bilal,Legrand
CLIENT_207,Benjamin,Martinez
CLIENT_208,Alicia,Laurent
CLIENT_209,Vincent,Lambert
CLIENT_210,Arthur,Francois
CLIENT_211,Emilie,Muller
CLIENT_212,Sarah,Michel
CLIENT_213,Arthur,Guerin
CLIENT_214,Emma,Morel
CLIENT_215,Pauline,Laurent
CLIENT_216,Justine,Dubois
CLIENT_217,Yanis,Martin
CLIENT_218,Sofiane,Dupont
CLIENT_219,Alicia,Martin
CLIENT_220,Florian,Laurent
CLIENT_221,Baptiste,Henry
CLIENT_222,Romain,Fournier
CLIENT_223,Emma,Moreau
CLIENT_224,Ines,Nicolas
CLIENT_225,Arthur,Girard
CLIENT_226,Margaux,Garcia
CLIENT_227,Julien,Mercier
CLIENT_228,Lina,Roussel
CLIENT_229,Pauline,Martin
CLIENT_230,Karim,Perrin
CLIENT_231,Kevin,Vincent
CLIENT_232,Benjamin,David
CLIENT_233,Yasmine,Girard
CLIENT_234,Ines,Henry
CLIENT_235,Marion,Bernard
CLIENT_236,Lea,Girard
CLIENT_237,Clement,Morel
CLIENT_238,Charlotte,Bonnet
CLIENT_239,Nathan,Michel
CLIENT_240,Sofiane,Martinez
CLIENT_241,Lina,Perrin
CLIENT_242,Manon,Dubois
CLIENT_243,Karim,Morel
CLIENT_244,Adrien,Garnier
CLIENT_245,Melanie,Lefebvre
CLIENT_246,Marion,Michel
CLIENT_247,Alicia,Petit
CLIENT_248,Benjamin,Bernard
CLIENT_249,Gabriel,Bernard
CLIENT_250,Vincent,David
CLIENT_251,Alicia,Blanc
CLIENT_252,Justine,Bernard
CLIENT_253,Antoine,Blanc
CLIENT_254,Karim,Morel
CLIENT_255,Kevin,Bonnet
CLIENT_256,Camille,Bertrand
CLIENT_257,Anais,Garcia
CLIENT_258,Clement,Nicolas
CLIENT_259,Karim,Faure
CLIENT_260,Emilie,Martinez
CLIENT_261,Vincent,Blanc
CLIENT_262,Amandine,Guerin
CLIENT_263,Hugo,Martin
CLIENT_264,Theo,Perrin
CLIENT_265,Amandine,Francois
CLIENT_266,Mathieu,Rousseau
CLIENT_267,Guillaume,Lambert
CLIENT_268,Maxime,Perrin
CLIENT_269,Florian,Guerin
CLIENT_270,Nathan,Dubois
CLIENT_271,Rayan,Dubois
CLIENT_272,Romain,Faure
CLIENT_273,Kevin,Guerin
CLIENT_274,Emma,Leroy
CLIENT_275,Marine,Moreau
CLIENT_276,Rayan,Lefevre
CLIENT_277,Baptiste,Dupont
CLIENT_278,Julien,Mercier
CLIENT_279,Charlotte,Dupont
CLIENT_280,Lucie,Muller
CLIENT_281,Thomas,Guerin
CLIENT_282,Florian,Michel
CLIENT_283,Lucas,Lefebvre
CLIENT_284,Theo,Girard
CLIENT_285,Clara,Morel
CLIENT_286,Hugo,Legrand
CLIENT_287,Mehdi,Michel
CLIENT_288,Thomas,Bonnet
CLIENT_289,Florian,Dubois
CLIENT_290,Sofiane,David
CLIENT_291,Yasmine,Perrin
CLIENT_292,Simon,Garcia
CLIENT_293,Julie,Garcia
CLIENT_294,Karim,Fournier
CLIENT_295,Sofia,Faure
CLIENT_296,Chloe,Dupont
CLIENT_297,Manon,Henry
CLIENT_298,Celia,Lefebvre
CLIENT_299,Alicia,Thomas
CLIENT_300,Chloe,Roux
CLIENT_301,Camille,Petit
CLIENT_302,Simon,Bertrand
CLIENT_303,Kevin,Simon
CLIENT_304,Yanis,David
CLIENT_305,Ines,Girard
CLIENT_306,Antoine,Lefebvre
CLIENT_307,Arthur,Dupont
CLIENT_308,Amandine,Blanc
CLIENT_309,Nicolas,Roussel
CLIENT_310,Theo,Roux
CLIENT_311,Vincent,Lefevre
CLIENT_312,Florian,Vincent
CLIENT_313,Quentin,Faure
CLIENT_314,Clement,Lefebvre
CLIENT_315,Bilal,Henry
CLIENT_316,Gabriel,Roussel
CLIENT_317,Nicolas,Lefevre
CLIENT_318,Margaux,Guerin
CLIENT_319,Nicolas,David
CLIENT_320,Justine,Durand
CLIENT_321,Pauline,Guerin
CLIENT_322,Yanis,Guerin
CLIENT_323,Quentin,Mercier
CLIENT_324,Bilal,Vincent
CLIENT_325,Marion,Bertrand
CLIENT_326,Ines,Durand
CLIENT_327,Charlotte,Bonnet
CLIENT_328,Baptiste,Henry
CLIENT_329,Sarah,Garcia
CLIENT_330,Alexandre,Garnier
CLIENT_331,Chloe,Petit
CLIENT_332,Rayan,Girard
CLIENT_333,Lina,Vincent
CLIENT_334,Sofia,Lefevre
CLIENT_335,Kevin,Bonnet
CLIENT_336,Margaux,Thomas
CLIENT_337,Arthur,Leroy
CLIENT_338,Charlotte,Petit
CLIENT_339,Antoine,Perrin
CLIENT_340,Anais,David
CLIENT_341,Nathan,Moreau
CLIENT_342,Lina,Legrand
CLIENT_343,Charlotte,Laurent
CLIENT_344,Laura,Garnier
CLIENT_345,Emma,Lefebvre
CLIENT_346,Amandine,Morel
CLIENT_347,Charlotte,Martinez
CLIENT_348,Sofiane,Francois
CLIENT_349,Melanie,Dubois
CLIENT_350,Romain,Mercier
CLIENT_351,Emilie,Thomas
CLIENT_352,Thomas,Bernard
CLIENT_353,Manon,Garcia
CLIENT_354,Celia,Garnier
CLIENT_355,Mathieu,Francois
CLIENT_356,Nathan,Martinez
CLIENT_357,Emma,Vincent
CLIENT_358,Lea,David
CLIENT_359,Gabriel,Blanc
CLIENT_360,Pauline,Simon
CLIENT_361,Marine,Garcia
CLIENT_362,Gabriel,Perrin
CLIENT_363,Antoine,Morel
CLIENT_364,Baptiste,Garcia
CLIENT_365,Lucie,Muller
CLIENT_366,Nicolas,Bonnet
CLIENT_367,Marine,Simon
CLIENT_368,Julie,Laurent
CLIENT_369,Simon,Garcia
CLIENT_370,Sabrina,Lambert
CLIENT_371,Oceane,Faure
CLIENT_372,Mathieu,Martin
CLIENT_373,Mehdi,Garnier
CLIENT_374,Thomas,Dubois
CLIENT_375,Julien,Garnier
CLIENT_376,Maxime,Blanc
CLIENT_377,Sarah,Blanc
CLIENT_378,Maxime,Nicolas
CLIENT_379,Clement,Roussel
CLIENT_380,Nora,Andre
CLIENT_381,Emma,Andre
CLIENT_382,Lea,Moreau
CLIENT_383,Elise,Muller
CLIENT_384,Vincent,Fournier
CLIENT_385,Baptiste,Fournier
CLIENT_386,Emma,Robert
CLIENT_387,Lucie,David
CLIENT_388,Lucie,Martin
CLIENT_389,Nicolas,Petit
CLIENT_390,Melanie,Henry
CLIENT_391,Lina,Francois
CLIENT_392,Bilal,Lefebvre
CLIENT_393,Elise,Francois
CLIENT_394,Yasmine,Francois
CLIENT_395,Nicolas,Morel
CLIENT_396,Thomas,Rousseau
CLIENT_397,Celia,Petit
CLIENT_398,Hugo,Bonnet
CLIENT_399,Nicolas,Garnier
CLIENT_400,Rayan,Garcia
CLIENT_401,Benjamin,Simon
CLIENT_402,Amandine,Michel
CLIENT_403,Clara,Vincent
CLIENT_404,Florian,Thomas
CLIENT_405,Justine,Garcia
CLIENT_406,Elise,Legrand
CLIENT_407,Thomas,Lefebvre
CLIENT_408,Camille,Blanc
CLIENT_409,Mehdi,Guerin
CLIENT_410,Oceane,Henry
CLIENT_411,Justine,Dubois
CLIENT_412,Elise,Roux
CLIENT_413,Kevin,Thomas
CLIENT_414,Lucie,Guerin
CLIENT_415,Adrien,Robert
CLIENT_416,Gabriel,Muller
CLIENT_417,Simon,Lefevre
CLIENT_418,Marine,Roussel
CLIENT_419,Benjamin,Vincent
CLIENT_420,Sofia,Henry
CLIENT_421,Marine,Garnier
CLIENT_422,Florian,Girard
CLIENT_423,Maxime,Dupont
CLIENT_424,Lucas,Lefevre
CLIENT_425,Elise,Girard
CLIENT_426,Julie,Lefevre
CLIENT_427,Arthur,Andre
CLIENT_428,Charlotte,Bertrand
CLIENT_429,Kevin,Simon
CLIENT_430,Anais,Nicolas
CLIENT_431,Nora,Garcia
CLIENT_432,Alicia,Dubois
CLIENT_433,Pauline,Bonnet
CLIENT_434,Margaux,Lefebvre
CLIENT_435,Theo,Faure
CLIENT_436,Adrien,Perrin
CLIENT_437,Alexandre,Francois
CLIENT_438,Maxime,Bernard
CLIENT_439,Yasmine,Morel
CLIENT_440,Lucie,Leroy
CLIENT_441,Sofia,Lambert
CLIENT_442,Maxime,Legrand
CLIENT_443,Charlotte,Vincent
CLIENT_444,Yanis,Lefebvre
CLIENT_445,Lucas,Laurent
CLIENT_446,Clara,Moreau
CLIENT_447,Clara,Henry
CLIENT_448,Sarah,Bonnet
CLIENT_449,Mehdi,Bonnet
CLIENT_450,Sarah,Garcia
CLIENT_451,Lucas,Petit
CLIENT_452,Lucie,Durand
CLIENT_453,Oceane,David
CLIENT_454,Rayan,Lefevre
CLIENT_455,Quentin,Morel
CLIENT_456,Adrien,Henry
CLIENT_457,Nora,Guerin
CLIENT_458,Nicolas,Roussel
CLIENT_459,Lea,Nicolas
CLIENT_460,Ines,Francois
CLIENT_461,Amandine,Legrand
CLIENT_462,Alexandre,Leroy
CLIENT_463,Emilie,Moreau
CLIENT_464,Karim,Andre
CLIENT_465,Alicia,Perrin
CLIENT_466,Melanie,Vincent
CLIENT_467,Julie,Martin
CLIENT_468,Marion,Michel
CLIENT_469,Alexandre,Moreau
CLIENT_470,Kevin,Bernard
CLIENT_471,Quentin,Robert
CLIENT_472,Romain,David
CLIENT_473,Quentin,Roussel
CLIENT_474,Hugo,Petit
CLIENT_475,Mehdi,Dubois
CLIENT_476,Gabriel,Martin
CLIENT_477,Bilal,Roux
CLIENT_478,Amandine,Nicolas
CLIENT_479,Ines,Martin
CLIENT_480,Quentin,Perrin
CLIENT_481,Florian,Francois
CLIENT_482,Clement,Petit
CLIENT_483,Lucie,Lefebvre
CLIENT_484,Bilal,Morel
CLIENT_485,Sofiane,Faure
CLIENT_486,Rayan,Legrand
CLIENT_487,Guillaume,Roux
CLIENT_488,Florian,Michel
CLIENT_489,Chloe,Muller
CLIENT_490,Sabrina,Roux
CLIENT_491,Julie,David
CLIENT_492,Laura,Garnier
CLIENT_493,Clara,Durand
CLIENT_494,Hugo,Muller
CLIENT_495,Charlotte,Garnier
CLIENT_496,Julien,Lambert
CLIENT_497,Lucas,Petit
CLIENT_498,Chloe,Bonnet
CLIENT_499,Nathan,Morel
CLIENT_500,Romain,Petit
CLIENT_501,Chloe,Laurent
CLIENT_502,Sofia,Girard
CLIENT_503,Laura,Thomas
CLIENT_504,Quentin,Garcia
CLIENT_505,Romain,Leroy
CLIENT_506,Sabrina,Fournier
CLIENT_507,Baptiste,Michel
CLIENT_508,Anais,Simon
CLIENT_509,Baptiste,Bertrand
CLIENT_510,Alexandre,Fournier
CLIENT_511,Julien,Martin
CLIENT_512,Celia,Simon
CLIENT_513,Vincent,Durand
CLIENT_514,Mathieu,Laurent
CLIENT_515,Julien,Blanc
CLIENT_516,Julien,Martinez
CLIENT_517,Theo,Faure
CLIENT_518,Anais,Robert
CLIENT_519,Kevin,Lefevre
CLIENT_520,Charlotte,Lefebvre
CLIENT_521,Alicia,Bonnet
CLIENT_522,Simon,David
CLIENT_523,Vincent,Roux
CLIENT_524,Celia,Petit
CLIENT_525,Rayan,Girard
CLIENT_526,Mathieu,Durand
CLIENT_527,Marion,Simon
CLIENT_528,Camille,Morel
CLIENT_529,Anais,Roux
CLIENT_530,Karim,Morel
CLIENT_531,Marion,Nicolas
CLIENT_532,Clara,Martin
CLIENT_533,Benjamin,Michel
CLIENT_534,Sarah,Michel
CLIENT_535,Yanis,Leroy
CLIENT_536,Julien,Mercier
CLIENT_537,Maxime,Roussel
CLIENT_538,Mathieu,Guerin
CLIENT_539,Karim,Legrand
CLIENT_540,Pauline,Lefevre
CLIENT_541,Emilie,Francois
CLIENT_542,Julie,Nicolas
CLIENT_543,Sabrina,Durand
CLIENT_544,Marion,Martin
CLIENT_545,Gabriel,Leroy
CLIENT_546,Arthur,Morel
CLIENT_547,Arthur,David
CLIENT_548,Karim,Bertrand
CLIENT_549,Oceane,Muller
CLIENT_550,Baptiste,Blanc
CLIENT_551,Maxime,Michel
CLIENT_552,Arthur,Henry
CLIENT_553,Gabriel,Guerin
CLIENT_554,Lina,Fournier
CLIENT_555,Karim,Simon
CLIENT_556,Mathieu,Bertrand
CLIENT_557,Thomas,Henry
CLIENT_558,Kevin,Lambert
CLIENT_559,Justine,Laurent
CLIENT_560,Baptiste,Thomas
CLIENT_561,Baptiste,Dupont
CLIENT_562,Kevin,Bernard
CLIENT_563,Lucie,Lefevre
CLIENT_564,Yasmine,Muller
CLIENT_565,Camille,Muller
CLIENT_566,Melanie,Martinez
CLIENT_567,Justine,Martin
CLIENT_568,Nicolas,Simon
CLIENT_569,Nathan,Faure
CLIENT_570,Baptiste,Mercier
CLIENT_571,Nathan,Rousseau
CLIENT_572,Emilie,Bernard
CLIENT_573,Theo,Perrin
CLIENT_574,Sabrina,Bertrand
CLIENT_575,Sofia,Garnier
CLIENT_576,Alexandre,Dupont
CLIENT_577,Oceane,Legrand
CLIENT_578,Melanie,Francois
CLIENT_579,Camille,Muller
CLIENT_580,Mehdi,Mercier
CLIENT_581,Lucas,Martin
CLIENT_582,Antoine,Petit
CLIENT_583,Vincent,Roussel
CLIENT_584,Hugo,Roussel
CLIENT_585,Pauline,Garcia
CLIENT_586,Oceane,Rousseau
CLIENT_587,Mehdi,Bernard
CLIENT_588,Hugo,Durand
CLIENT_589,Gabriel,Bernard
CLIENT_590,Florian,Simon
CLIENT_591,Lea,Blanc
CLIENT_592,Nicolas,Henry
CLIENT_593,Adrien,Lefebvre
CLIENT_594,Elise,Petit
CLIENT_595,Quentin,Guerin
CLIENT_596,Mathieu,Rousseau
CLIENT_597,Laura,Nicolas
CLIENT_598,Sarah,Henry
CLIENT_599,Laura,Laurent
CLIENT_600,Margaux,Mercier
