client_id,age,sexe,taille_cm,poids_initial_kg,poids_cible_kg,objectif,niveau,frequence_entrainement_semaine,calories_quotidiennes,proteines_g_par_jour,heures_sommeil,semaines_suivi_prevues,adherence_programme_pct,objectif_atteint
CLIENT_001,42,F,166.3,63.4,65.8,prise_masse,avance,3,2675.0,77.0,8.0,4,61.5,1
CLIENT_002,30,H,180.4,80.5,83.5,prise_masse,intermediaire,5,3027.0,113.0,8.2,17,77.5,1
CLIENT_003,35,F,173.8,45.9,45.6,recomposition,debutant,4,1760.0,64.0,7.2,23,87.0,1
CLIENT_004,18,F,169.9,69.1,68.4,recomposition,intermediaire,2,1740.0,91.0,6.3,24,90.0,0
CLIENT_005,23,H,183.6,97.6,106.1,prise_masse,debutant,5,3741.0,203.0,6.9,15,42.4,0
CLIENT_006,30,F,150.4,66.6,72.3,prise_masse,debutant,6,2606.0,90.0,7.2,23,66.1,1
CLIENT_007,23,F,159.1,47.2,40.9,seche,debutant,4,1573.0,94.0,6.2,22,53.5,1
CLIENT_008,38,F,169.1,63.2,67.4,prise_masse,avance,3,2307.0,89.0,8.3,4,71.6,0
CLIENT_009,48,H,169.1,68.6,67.1,recomposition,intermediaire,4,2177.0,92.0,7.4,22,92.7,1
CLIENT_010,23,H,175.9,97.4,104.6,prise_masse,intermediaire,3,3302.0,136.0,5.8,17,87.4,0
CLIENT_011,25,H,180.4,61.8,63.9,prise_masse,debutant,3,2418.0,112.0,8.9,16,27.2,0
CLIENT_012,34,F,166.8,59.8,65.5,prise_masse,debutant,6,2320.0,118.0,6.9,7,88.7,1
CLIENT_013,45,F,171.1,61.3,60.1,recomposition,intermediaire,2,2153.0,133.0,5.6,23,60.8,0
CLIENT_014,22,F,155.0,72.3,73.6,recomposition,debutant,1,1886.0,98.0,5.9,10,80.0,1
CLIENT_015,34,H,184.5,89.3,80.5,seche,avance,6,2455.0,173.0,8.4,12,77.6,1
CLIENT_016,47,H,176.3,91.6,79.2,seche,intermediaire,1,1865.0,195.0,8.8,10,53.7,0
CLIENT_017,19,F,163.2,73.5,78.0,prise_masse,intermediaire,5,2782.0,116.0,7.9,24,87.1,0
CLIENT_018,22,H,190.6,93.3,99.8,prise_masse,intermediaire,1,3118.0,121.0,8.3,14,80.6,1
CLIENT_019,29,F,163.0,52.1,57.3,prise_masse,avance,1,1793.0,72.0,8.1,6,71.5,1
CLIENT_020,28,F,163.0,74.4,63.7,seche,intermediaire,4,1613.0,97.0,7.4,4,68.2,1
CLIENT_021,39,F,164.1,51.9,47.0,seche,intermediaire,4,1227.0,118.0,7.2,24,58.5,1
CLIENT_022,34,H,187.7,102.0,107.6,prise_masse,avance,4,3639.0,169.0,7.4,8,78.0,1
CLIENT_023,18,F,162.3,71.6,75.6,prise_masse,debutant,6,3041.0,131.0,7.6,20,43.6,1
CLIENT_024,36,F,164.8,54.3,59.3,prise_masse,avance,4,2273.0,115.0,6.0,4,65.5,0
CLIENT_025,27,F,167.7,55.7,60.9,prise_masse,debutant,5,2541.0,92.0,7.6,22,72.1,1
CLIENT_026,42,H,180.7,90.4,98.7,prise_masse,intermediaire,4,2575.0,179.0,8.4,17,73.4,1
CLIENT_027,27,H,177.3,95.1,93.6,recomposition,intermediaire,6,2860.0,123.0,6.6,8,76.9,1
CLIENT_028,27,H,173.8,93.4,98.9,prise_masse,intermediaire,6,3543.0,166.0,6.5,22,58.5,1
CLIENT_029,36,H,173.6,94.2,101.9,prise_masse,intermediaire,3,3149.0,124.0,7.3,10,73.1,1
CLIENT_030,38,F,167.9,68.9,72.5,prise_masse,intermediaire,6,2377.0,103.0,6.1,24,72.7,1
CLIENT_031,36,F,165.0,59.0,51.4,seche,debutant,3,1470.0,92.0,5.4,16,58.1,0
CLIENT_032,19,F,165.2,55.1,49.0,seche,debutant,2,1372.0,114.0,8.1,13,33.8,0
CLIENT_033,36,H,179.9,59.3,62.4,prise_masse,debutant,2,2544.0,119.0,6.3,5,68.7,0
CLIENT_034,24,H,183.8,88.4,90.9,recomposition,intermediaire,4,2815.0,185.0,6.8,9,34.9,1
CLIENT_035,34,H,174.8,86.4,90.5,prise_masse,intermediaire,2,2997.0,110.0,6.1,5,78.9,0
CLIENT_036,21,H,176.8,91.2,78.8,seche,debutant,5,2448.0,218.0,8.2,21,50.7,0
CLIENT_037,36,H,173.4,66.6,70.0,prise_masse,avance,3,2532.0,84.0,7.7,6,76.3,1
CLIENT_038,26,H,160.8,92.4,86.6,seche,debutant,6,2441.0,202.0,6.5,6,76.1,1
CLIENT_039,22,H,169.0,110.7,116.0,prise_masse,intermediaire,2,3144.0,231.0,5.5,6,89.5,1
CLIENT_040,38,F,169.0,51.0,51.2,recomposition,intermediaire,5,1992.0,97.0,6.4,24,78.7,1
CLIENT_041,34,H,163.4,83.2,88.6,prise_masse,debutant,2,2492.0,144.0,7.4,24,63.6,0
CLIENT_042,27,F,167.9,67.7,70.3,prise_masse,intermediaire,1,2347.0,143.0,7.0,19,56.0,1
CLIENT_043,44,F,163.4,72.6,68.0,seche,intermediaire,2,1424.0,152.0,6.9,5,71.5,0
CLIENT_044,28,H,177.7,70.7,77.2,prise_masse,debutant,3,2468.0,96.0,7.0,14,93.0,1
CLIENT_045,32,F,169.6,63.6,65.4,recomposition,avance,1,1449.0,137.0,7.6,23,88.2,1
CLIENT_046,34,F,172.3,59.3,61.8,prise_masse,avance,5,2388.0,77.0,6.8,6,96.5,1
CLIENT_047,27,H,183.1,76.9,81.4,prise_masse,intermediaire,1,2751.0,138.0,7.3,20,75.7,1
CLIENT_048,36,H,172.1,83.4,76.3,seche,avance,2,1576.0,165.0,5.7,4,52.3,1
CLIENT_049,28,F,169.0,77.9,67.3,seche,avance,2,1726.0,170.0,9.6,20,65.4,1
CLIENT_050,29,H,182.7,107.4,91.6,seche,debutant,6,2940.0,189.0,6.5,15,80.8,1
CLIENT_051,43,H,174.3,89.8,80.0,seche,intermediaire,2,1815.0,133.0,7.0,22,79.9,1
CLIENT_052,24,H,181.6,79.1,69.8,seche,intermediaire,1,1975.0,141.0,7.4,12,48.6,1
CLIENT_053,18,F,163.6,57.9,59.5,recomposition,debutant,2,1873.0,87.0,6.3,20,88.8,0
CLIENT_054,45,F,169.5,71.4,74.1,prise_masse,debutant,5,2588.0,131.0,6.8,21,60.5,1
CLIENT_055,52,F,165.3,48.3,44.9,seche,debutant,6,1328.0,85.0,6.8,10,70.6,1
CLIENT_056,29,F,158.3,45.0,41.5,seche,intermediaire,5,1582.0,96.0,5.8,17,83.6,0
CLIENT_057,18,H,178.6,102.1,93.3,seche,intermediaire,5,2864.0,152.0,7.3,13,74.3,1
CLIENT_058,30,F,168.5,58.3,59.6,recomposition,intermediaire,3,1721.0,84.0,5.0,13,70.3,1
CLIENT_059,30,H,172.8,115.4,102.1,seche,debutant,6,3136.0,204.0,8.7,20,48.5,0
CLIENT_060,30,H,178.2,65.9,64.1,recomposition,debutant,3,2191.0,83.0,7.7,8,83.6,0
CLIENT_061,23,F,163.4,93.4,92.6,recomposition,intermediaire,6,2754.0,138.0,7.5,6,66.4,1
CLIENT_062,37,H,182.0,84.9,73.9,seche,intermediaire,5,1960.0,138.0,4.9,14,66.9,0
CLIENT_063,36,F,159.6,64.9,69.9,prise_masse,avance,5,2464.0,116.0,5.9,21,68.9,0
CLIENT_064,20,F,161.5,68.1,66.3,recomposition,avance,3,2198.0,104.0,8.3,7,57.3,0
CLIENT_065,38,F,165.1,78.7,69.1,seche,avance,2,1450.0,147.0,10.0,11,69.9,0
CLIENT_066,48,F,170.3,81.5,70.4,seche,avance,3,1765.0,184.0,8.1,18,91.2,1
CLIENT_067,33,F,156.0,63.9,62.0,recomposition,avance,5,1905.0,118.0,7.9,14,76.8,0
CLIENT_068,29,H,184.8,92.4,92.6,recomposition,intermediaire,6,2746.0,143.0,7.4,16,72.5,1
CLIENT_069,31,H,178.4,74.0,80.4,prise_masse,debutant,4,2942.0,94.0,5.9,15,78.6,1
CLIENT_070,37,H,175.3,76.5,80.6,prise_masse,debutant,1,2338.0,104.0,7.9,21,70.5,1
CLIENT_071,18,H,166.2,78.0,70.9,seche,debutant,1,1933.0,146.0,5.6,22,91.6,1
CLIENT_072,33,H,176.9,59.9,60.7,recomposition,debutant,6,2472.0,121.0,5.5,13,80.5,1
CLIENT_073,29,F,169.0,84.6,89.2,prise_masse,debutant,6,2938.0,107.0,5.4,13,32.8,0
CLIENT_074,47,H,184.3,99.5,90.5,seche,avance,1,2082.0,142.0,7.9,9,95.3,1
CLIENT_075,31,H,187.9,74.9,81.1,prise_masse,debutant,3,2781.0,119.0,6.7,13,73.6,0
CLIENT_076,45,H,172.8,88.5,90.9,recomposition,avance,4,2594.0,140.0,6.9,21,45.4,1
CLIENT_077,23,H,180.0,80.5,79.0,recomposition,intermediaire,1,2535.0,189.0,6.8,14,23.9,0
CLIENT_078,37,F,167.9,87.5,79.6,seche,intermediaire,5,1691.0,126.0,5.6,18,44.4,0
CLIENT_079,35,F,160.8,74.5,64.1,seche,intermediaire,5,1910.0,95.0,6.1,12,75.5,1
CLIENT_080,25,F,164.0,107.3,105.3,recomposition,debutant,2,2102.0,174.0,6.1,18,55.3,0
CLIENT_081,33,F,171.3,53.7,52.6,recomposition,intermediaire,2,1365.0,73.0,5.3,18,95.6,1
CLIENT_082,42,H,189.3,83.2,89.2,prise_masse,debutant,5,3138.0,112.0,6.2,15,85.3,1
CLIENT_083,29,F,156.6,73.0,78.3,prise_masse,avance,4,2398.0,123.0,5.6,23,75.6,1
CLIENT_084,18,H,184.5,84.6,90.4,prise_masse,debutant,3,2916.0,133.0,7.4,22,68.8,1
CLIENT_085,32,H,178.6,72.0,66.8,seche,debutant,2,1860.0,94.0,7.5,7,39.3,0
CLIENT_086,25,H,183.2,100.0,90.5,seche,intermediaire,3,2371.0,193.0,5.4,8,74.2,1
CLIENT_087,29,F,171.1,78.9,73.1,seche,intermediaire,2,1573.0,142.0,6.5,24,76.1,0
CLIENT_088,31,H,177.7,93.4,85.2,seche,intermediaire,1,2138.0,121.0,8.8,12,71.6,0
CLIENT_089,18,H,177.2,99.5,100.9,recomposition,intermediaire,6,2943.0,222.0,5.7,10,85.9,1
CLIENT_090,19,H,172.6,75.5,65.3,seche,debutant,4,2202.0,116.0,7.3,20,54.2,0
CLIENT_091,36,H,182.3,82.3,75.8,seche,intermediaire,6,2543.0,194.0,6.9,16,47.1,1
CLIENT_092,28,F,162.8,82.8,87.3,prise_masse,debutant,4,2630.0,192.0,8.0,6,29.7,1
CLIENT_093,18,H,181.9,67.2,63.7,seche,debutant,6,2431.0,116.0,7.1,5,79.3,1
CLIENT_094,38,H,188.0,80.6,69.7,seche,debutant,3,2117.0,119.0,6.3,20,69.5,1
CLIENT_095,34,H,187.4,101.4,110.7,prise_masse,debutant,3,3183.0,223.0,6.9,20,89.4,1
CLIENT_096,26,F,161.3,67.1,62.7,seche,debutant,1,1290.0,110.0,6.9,11,88.8,1
CLIENT_097,21,H,180.4,66.5,70.0,prise_masse,intermediaire,3,2703.0,93.0,6.7,22,72.7,1
CLIENT_098,39,H,173.9,63.8,61.9,recomposition,debutant,6,2277.0,119.0,5.3,6,82.1,1
CLIENT_099,35,H,178.2,105.6,97.0,seche,debutant,2,2136.0,189.0,8.2,22,58.9,0
CLIENT_100,51,F,169.4,55.4,56.0,recomposition,intermediaire,6,1743.0,123.0,8.0,5,81.2,1
CLIENT_101,35,F,175.9,59.0,59.2,recomposition,debutant,3,1738.0,122.0,5.7,17,38.8,0
CLIENT_102,35,F,173.6,70.7,70.0,recomposition,intermediaire,3,1921.0,159.0,6.5,21,94.4,1
CLIENT_103,31,H,176.6,64.8,67.5,prise_masse,avance,2,2570.0,135.0,6.6,17,96.8,1
CLIENT_104,39,F,169.3,70.6,77.3,prise_masse,intermediaire,3,2461.0,139.0,5.5,20,75.1,1
CLIENT_105,37,F,173.5,74.0,77.5,prise_masse,avance,6,2678.0,133.0,4.7,11,75.1,1
CLIENT_106,42,F,162.3,60.5,65.1,prise_masse,debutant,6,2312.0,144.0,6.1,10,54.7,0
CLIENT_107,28,H,183.2,84.7,74.1,seche,debutant,6,2772.0,199.0,6.4,9,77.3,0
CLIENT_108,29,H,178.4,102.6,101.7,recomposition,intermediaire,1,2328.0,228.0,5.2,6,78.4,1
CLIENT_109,28,H,179.6,87.3,95.3,prise_masse,intermediaire,5,3106.0,186.0,7.0,9,66.6,1
CLIENT_110,38,F,158.6,73.8,75.9,recomposition,avance,4,2194.0,140.0,8.1,9,85.1,1
CLIENT_111,44,H,177.8,93.3,79.1,seche,debutant,3,2130.0,141.0,7.7,19,93.9,1
CLIENT_112,28,H,191.0,92.1,80.6,seche,intermediaire,3,2330.0,207.0,6.7,8,64.0,1
CLIENT_113,29,H,183.4,88.5,96.5,prise_masse,debutant,4,2996.0,107.0,4.8,7,70.9,1
CLIENT_114,35,F,171.1,47.2,49.7,prise_masse,debutant,6,2281.0,70.0,7.6,19,92.8,1
CLIENT_115,30,H,175.1,108.9,113.1,prise_masse,debutant,1,3096.0,183.0,7.0,15,37.5,0
CLIENT_116,40,F,158.2,86.1,76.7,seche,avance,4,1790.0,164.0,7.3,8,83.1,1
CLIENT_117,18,F,152.1,63.6,54.9,seche,debutant,4,1350.0,119.0,8.9,18,83.6,1
CLIENT_118,25,F,163.4,71.5,77.9,prise_masse,avance,3,2522.0,101.0,5.9,8,80.6,0
CLIENT_119,26,H,183.5,89.2,83.9,seche,intermediaire,3,2375.0,118.0,3.6,20,74.2,1
CLIENT_120,18,F,155.7,62.4,60.7,recomposition,intermediaire,2,1718.0,92.0,5.6,4,77.6,1
CLIENT_121,24,F,167.7,78.4,67.8,seche,intermediaire,2,1621.0,127.0,7.3,16,56.3,1
CLIENT_122,25,F,162.3,59.9,52.4,seche,avance,3,1233.0,73.0,6.8,16,76.0,1
CLIENT_123,30,H,171.7,63.4,54.4,seche,debutant,2,1914.0,129.0,5.5,11,80.8,1
CLIENT_124,41,H,178.3,84.1,90.8,prise_masse,debutant,6,3187.0,126.0,5.2,18,69.2,1
CLIENT_125,30,H,164.5,69.7,76.4,prise_masse,intermediaire,6,2901.0,113.0,6.4,11,70.3,1
CLIENT_126,24,H,182.0,61.5,65.8,prise_masse,debutant,6,2665.0,99.0,5.4,17,80.9,1
CLIENT_127,32,H,182.9,85.8,84.6,recomposition,debutant,3,2841.0,156.0,7.4,8,95.9,0
CLIENT_128,40,H,176.4,90.3,85.0,seche,debutant,3,2316.0,202.0,6.3,15,92.8,1
CLIENT_129,24,H,161.9,90.8,97.4,prise_masse,debutant,1,2837.0,125.0,6.1,19,94.9,0
CLIENT_130,25,F,165.2,72.7,61.1,seche,debutant,6,2105.0,117.0,6.0,24,64.3,0
CLIENT_131,36,H,186.0,58.9,55.0,seche,debutant,4,2182.0,120.0,7.1,11,73.3,0
CLIENT_132,30,F,162.2,72.7,77.9,prise_masse,avance,3,2607.0,91.0,6.8,13,46.1,0
CLIENT_133,37,F,167.6,63.4,55.7,seche,debutant,1,1447.0,139.0,7.0,14,61.8,0
CLIENT_134,32,H,170.3,70.4,75.3,prise_masse,avance,5,2647.0,166.0,7.0,22,76.7,1
CLIENT_135,38,F,168.1,65.1,69.9,prise_masse,avance,3,2165.0,126.0,6.7,24,81.9,1
CLIENT_136,24,H,173.6,75.1,82.2,prise_masse,debutant,4,2947.0,176.0,5.7,17,59.3,1
CLIENT_137,32,F,148.0,56.5,59.8,prise_masse,intermediaire,6,2336.0,96.0,6.0,21,61.0,0
CLIENT_138,30,H,181.7,75.8,81.1,prise_masse,intermediaire,2,2680.0,129.0,6.4,5,76.5,1
CLIENT_139,22,F,148.0,45.0,40.8,seche,intermediaire,3,1200.0,60.0,9.1,19,65.5,1
CLIENT_140,19,H,176.7,85.8,74.1,seche,debutant,2,1847.0,107.0,5.3,21,57.9,1
CLIENT_141,37,H,180.4,78.2,71.4,seche,debutant,4,2074.0,117.0,6.3,19,82.0,1
CLIENT_142,29,H,168.3,70.3,76.8,prise_masse,debutant,1,2157.0,125.0,6.9,16,73.7,1
CLIENT_143,24,F,156.2,88.3,86.6,recomposition,intermediaire,5,2288.0,160.0,6.5,22,72.3,1
CLIENT_144,31,F,158.4,59.4,50.2,seche,avance,3,1325.0,87.0,8.0,17,84.2,1
CLIENT_145,41,H,174.4,89.6,95.8,prise_masse,intermediaire,5,3433.0,173.0,6.5,21,57.2,1
CLIENT_146,18,H,177.9,118.1,117.4,recomposition,intermediaire,4,3313.0,167.0,6.5,7,67.0,1
CLIENT_147,20,H,167.8,101.6,100.3,recomposition,avance,3,2761.0,162.0,7.7,17,67.6,1
CLIENT_148,25,H,179.5,93.3,98.9,prise_masse,intermediaire,2,2976.0,134.0,8.8,13,89.9,1
CLIENT_149,44,H,184.3,82.9,89.5,prise_masse,debutant,4,3052.0,169.0,8.3,22,56.1,1
CLIENT_150,34,H,179.9,58.8,60.8,prise_masse,avance,2,2234.0,107.0,6.6,22,83.5,1
CLIENT_151,38,F,158.9,83.4,84.7,recomposition,debutant,5,2276.0,174.0,6.7,21,65.0,1
CLIENT_152,23,F,170.2,68.9,59.4,seche,debutant,1,1613.0,87.0,6.9,8,93.1,1
CLIENT_153,23,H,182.8,73.7,74.1,recomposition,intermediaire,6,3101.0,126.0,7.0,14,53.8,1
CLIENT_154,36,F,154.7,64.9,55.9,seche,avance,2,1235.0,153.0,5.9,4,73.3,0
CLIENT_155,32,H,171.0,81.8,80.1,recomposition,debutant,4,2639.0,103.0,7.8,24,54.5,1
CLIENT_156,36,F,159.8,88.1,78.9,seche,intermediaire,3,1641.0,150.0,7.0,9,90.9,1
CLIENT_157,30,H,179.8,68.1,60.8,seche,debutant,1,1969.0,85.0,6.8,17,39.5,0
CLIENT_158,34,F,156.9,62.7,56.8,seche,debutant,1,1460.0,86.0,5.4,14,91.9,0
CLIENT_159,33,F,174.6,81.2,84.0,prise_masse,debutant,5,2882.0,143.0,6.9,22,69.5,0
CLIENT_160,38,F,164.8,59.3,55.8,seche,intermediaire,5,1377.0,82.0,4.7,21,76.6,1
CLIENT_161,38,H,182.3,73.8,68.8,seche,avance,1,1710.0,135.0,6.2,20,65.5,0
CLIENT_162,19,F,160.9,68.1,73.2,prise_masse,debutant,6,2633.0,157.0,6.2,17,35.3,1
CLIENT_163,18,H,176.6,81.0,73.6,seche,debutant,5,2455.0,117.0,7.1,6,66.8,1
CLIENT_164,40,H,172.8,81.7,81.7,recomposition,debutant,1,1818.0,109.0,8.9,23,74.8,1
CLIENT_165,42,F,165.6,93.1,90.9,recomposition,debutant,2,2279.0,204.0,7.4,5,37.9,0
CLIENT_166,24,H,180.9,82.2,88.9,prise_masse,intermediaire,3,3020.0,144.0,8.4,13,82.8,1
CLIENT_167,18,F,151.9,45.0,40.0,seche,intermediaire,5,1200.0,102.0,7.5,11,91.8,0
CLIENT_168,33,F,162.7,71.9,65.1,seche,intermediaire,1,1352.0,113.0,8.0,12,89.5,1
CLIENT_169,39,H,193.0,92.7,92.3,recomposition,debutant,2,2790.0,181.0,8.8,24,42.5,1
CLIENT_170,46,F,160.5,68.5,57.6,seche,intermediaire,5,1470.0,158.0,6.0,8,62.4,1
CLIENT_171,36,H,173.2,85.0,79.4,seche,debutant,1,1817.0,120.0,5.9,16,75.8,1
CLIENT_172,29,H,184.0,73.8,75.2,recomposition,debutant,4,2810.0,159.0,7.5,8,76.2,1
CLIENT_173,25,H,177.3,72.8,71.6,recomposition,avance,5,2896.0,143.0,6.8,23,73.6,1
CLIENT_174,32,F,165.3,75.4,68.4,seche,intermediaire,3,1810.0,164.0,7.0,19,40.2,0
CLIENT_175,30,H,181.7,89.8,96.7,prise_masse,avance,1,2783.0,126.0,6.5,12,62.2,0
CLIENT_176,24,H,169.6,89.9,94.2,prise_masse,avance,2,2776.0,155.0,6.1,5,53.3,0
CLIENT_177,48,H,180.3,87.7,88.6,recomposition,intermediaire,2,2516.0,119.0,8.6,7,22.5,0
CLIENT_178,46,F,166.3,59.4,55.7,seche,avance,3,1301.0,140.0,5.6,9,86.8,1
CLIENT_179,41,F,158.9,69.2,63.9,seche,intermediaire,4,1307.0,88.0,7.6,12,61.5,1
CLIENT_180,25,F,170.4,50.1,53.0,prise_masse,debutant,6,2246.0,64.0,7.4,22,93.6,1
CLIENT_181,39,F,157.8,69.4,59.4,seche,debutant,2,1397.0,158.0,5.1,6,88.9,0
CLIENT_182,37,F,163.3,56.8,61.6,prise_masse,debutant,1,2044.0,89.0,5.9,16,64.2,0
CLIENT_183,36,H,176.3,102.0,90.1,seche,debutant,6,2462.0,195.0,6.1,11,80.0,0
CLIENT_184,42,H,175.5,87.0,85.3,recomposition,debutant,2,2626.0,134.0,7.4,4,68.1,0
CLIENT_185,37,F,161.2,73.7,71.9,recomposition,intermediaire,3,2012.0,146.0,6.4,17,50.4,0
CLIENT_186,38,F,163.4,74.8,80.1,prise_masse,intermediaire,6,2940.0,107.0,6.7,18,79.0,1
CLIENT_187,37,H,183.6,87.2,89.6,recomposition,intermediaire,6,2988.0,153.0,5.2,24,67.6,1
CLIENT_188,35,H,175.5,74.4,63.8,seche,debutant,1,1773.0,137.0,9.4,14,76.0,1
CLIENT_189,18,F,167.9,53.7,56.0,prise_masse,intermediaire,2,2335.0,86.0,6.9,10,55.2,0
CLIENT_190,33,H,170.7,121.0,104.6,seche,debutant,4,2310.0,182.0,7.3,21,34.6,1
CLIENT_191,28,F,164.5,80.3,78.9,recomposition,debutant,1,1877.0,110.0,6.2,9,77.0,1
CLIENT_192,22,H,186.1,84.9,84.5,recomposition,debutant,1,2172.0,174.0,6.1,18,75.0,0
CLIENT_193,45,H,184.2,78.2,77.5,recomposition,debutant,4,2540.0,110.0,8.9,23,69.7,1
CLIENT_194,46,F,163.6,69.8,71.5,recomposition,debutant,6,1881.0,108.0,4.7,4,86.6,1
CLIENT_195,43,H,183.4,104.1,106.7,recomposition,avance,1,2827.0,167.0,7.1,23,81.3,0
CLIENT_196,34,H,180.6,75.3,67.8,seche,intermediaire,1,1887.0,131.0,5.5,8,40.7,0
CLIENT_197,43,F,175.2,65.0,63.5,recomposition,intermediaire,4,2391.0,133.0,6.4,14,59.7,0
CLIENT_198,32,F,157.0,45.0,46.8,prise_masse,debutant,6,2208.0,77.0,6.1,9,51.4,1
CLIENT_199,34,H,180.4,74.2,80.3,prise_masse,avance,2,2736.0,167.0,5.7,7,39.6,0
CLIENT_200,23,H,181.6,61.8,65.5,prise_masse,intermediaire,1,2553.0,125.0,6.8,18,57.8,0
CLIENT_201,35,F,166.3,62.2,53.4,seche,debutant,5,1507.0,137.0,4.0,14,80.9,1
CLIENT_202,32,F,174.5,61.3,53.5,seche,intermediaire,1,1462.0,126.0,6.5,14,40.7,0
CLIENT_203,22,H,187.6,79.2,67.8,seche,intermediaire,2,2103.0,109.0,6.7,14,96.3,1
CLIENT_204,32,H,186.0,62.3,58.6,seche,intermediaire,1,1573.0,148.0,5.3,19,52.7,0
CLIENT_205,31,H,159.4,95.7,103.2,prise_masse,debutant,3,3023.0,205.0,8.5,24,71.3,1
CLIENT_206,46,H,175.9,74.5,72.6,recomposition,intermediaire,3,2006.0,141.0,6.1,14,52.0,0
CLIENT_207,39,H,176.9,100.9,110.2,prise_masse,debutant,6,3209.0,141.0,6.5,7,79.2,1
CLIENT_208,32,F,160.3,65.6,70.6,prise_masse,debutant,6,2328.0,92.0,6.1,10,62.2,1
CLIENT_209,34,H,178.6,75.8,82.5,prise_masse,debutant,4,2938.0,147.0,6.7,14,56.3,0
CLIENT_210,32,H,186.1,81.7,87.7,prise_masse,avance,6,3249.0,139.0,8.2,6,58.3,1
CLIENT_211,30,F,160.4,50.4,44.2,seche,debutant,5,1461.0,101.0,9.5,8,60.2,1
CLIENT_212,23,F,160.2,55.7,56.0,recomposition,debutant,2,1905.0,92.0,7.6,8,68.3,0
CLIENT_213,31,H,172.0,77.5,69.4,seche,debutant,1,1768.0,141.0,8.0,24,88.8,1
CLIENT_214,26,F,167.3,78.1,83.3,prise_masse,avance,4,2565.0,111.0,8.7,12,70.1,1
CLIENT_215,22,F,168.3,63.6,64.5,recomposition,intermediaire,4,1874.0,88.0,7.1,22,76.8,1
CLIENT_216,36,F,166.4,62.6,65.2,prise_masse,avance,4,2495.0,81.0,8.5,15,86.1,1
CLIENT_217,35,H,181.0,60.8,61.4,recomposition,debutant,5,2454.0,133.0,7.7,14,85.8,1
CLIENT_218,18,H,165.8,78.2,68.7,seche,debutant,4,2022.0,146.0,7.0,23,59.7,1
CLIENT_219,31,F,167.4,72.1,70.2,recomposition,intermediaire,1,1822.0,168.0,7.2,18,66.8,0
CLIENT_220,40,H,181.9,87.9,95.9,prise_masse,debutant,4,3334.0,185.0,4.8,9,50.7,0
CLIENT_221,40,H,176.8,91.7,90.4,recomposition,avance,5,2988.0,195.0,7.1,9,89.7,1
CLIENT_222,40,H,181.7,83.2,86.7,prise_masse,avance,6,3575.0,151.0,5.1,17,41.6,1
CLIENT_223,32,F,178.3,79.6,77.6,recomposition,intermediaire,4,2377.0,173.0,5.0,4,93.3,0
CLIENT_224,25,F,162.3,73.4,74.9,recomposition,avance,6,1970.0,171.0,7.0,7,66.7,1
CLIENT_225,23,H,175.9,89.8,92.6,prise_masse,intermediaire,5,3259.0,186.0,5.6,5,90.0,1
CLIENT_226,35,F,167.6,66.4,66.4,recomposition,debutant,3,2168.0,88.0,6.8,18,70.6,0
CLIENT_227,35,H,174.8,93.8,97.9,prise_masse,intermediaire,3,3118.0,186.0,7.0,13,61.9,0
CLIENT_228,42,F,156.6,49.3,53.4,prise_masse,debutant,3,2110.0,66.0,7.0,4,75.1,0
CLIENT_229,41,F,171.7,60.9,62.3,recomposition,avance,3,1349.0,79.0,5.8,19,81.3,1
CLIENT_230,31,H,179.7,89.5,79.2,seche,debutant,5,2637.0,182.0,7.8,17,58.3,0
CLIENT_231,22,H,182.2,91.1,94.5,prise_masse,debutant,2,3109.0,201.0,6.7,19,93.5,0
CLIENT_232,29,H,177.9,98.2,86.2,seche,intermediaire,4,2131.0,137.0,7.3,7,82.9,1
CLIENT_233,34,F,168.8,45.0,40.0,seche,debutant,2,1220.0,60.0,5.5,22,89.9,1
CLIENT_234,30,F,157.4,49.8,48.7,recomposition,debutant,3,1805.0,113.0,6.6,7,88.8,0
CLIENT_235,27,F,175.7,66.4,59.8,seche,intermediaire,3,1442.0,90.0,8.0,15,91.0,1
CLIENT_236,34,F,169.0,62.3,57.1,seche,debutant,3,1442.0,77.0,7.9,15,58.5,1
CLIENT_237,28,H,186.2,59.5,54.2,seche,intermediaire,2,1755.0,123.0,5.9,8,42.6,0
CLIENT_238,27,F,174.5,91.3,99.5,prise_masse,debutant,6,2736.0,202.0,6.2,11,86.5,1
CLIENT_239,34,H,172.5,59.9,61.6,recomposition,debutant,5,1980.0,109.0,5.7,5,59.4,1
CLIENT_240,29,H,192.5,71.7,70.4,recomposition,debutant,4,2517.0,132.0,6.1,13,47.4,0
CLIENT_241,34,F,161.0,59.7,52.1,seche,intermediaire,4,1492.0,96.0,5.3,18,71.2,1
CLIENT_242,34,F,168.5,76.7,79.3,prise_masse,avance,2,2298.0,114.0,6.6,10,61.2,0
CLIENT_243,23,H,178.2,68.2,73.9,prise_masse,debutant,4,2855.0,144.0,7.5,15,58.4,1
CLIENT_244,28,H,176.6,79.7,85.1,prise_masse,avance,1,2518.0,177.0,5.9,24,50.2,1
CLIENT_245,44,F,160.3,75.3,79.7,prise_masse,intermediaire,5,2270.0,119.0,6.7,8,75.5,1
CLIENT_246,23,F,165.8,48.5,41.6,seche,intermediaire,4,1234.0,74.0,6.6,10,96.4,1
CLIENT_247,18,F,164.6,87.2,94.9,prise_masse,intermediaire,5,2741.0,133.0,8.0,6,82.0,1
CLIENT_248,18,H,179.2,77.8,80.4,prise_masse,intermediaire,3,2945.0,98.0,6.1,15,78.6,0
CLIENT_249,32,H,172.1,104.1,111.7,prise_masse,avance,5,3524.0,160.0,6.2,8,65.4,1
CLIENT_250,32,H,183.4,79.1,85.7,prise_masse,intermediaire,3,3048.0,97.0,5.9,21,80.3,1
CLIENT_251,31,F,149.4,56.9,58.1,recomposition,intermediaire,5,1625.0,122.0,5.5,10,26.6,0
CLIENT_252,42,F,166.2,54.1,59.4,prise_masse,debutant,3,2138.0,82.0,7.4,17,53.0,0
CLIENT_253,18,H,182.8,81.8,77.1,seche,debutant,5,2291.0,166.0,6.7,7,83.2,1
CLIENT_254,35,H,176.2,62.4,63.1,recomposition,intermediaire,3,2214.0,116.0,6.9,10,88.9,1
CLIENT_255,44,H,172.0,70.3,70.3,recomposition,debutant,3,1823.0,155.0,8.2,7,71.3,0
CLIENT_256,23,F,169.0,55.8,50.6,seche,debutant,4,1200.0,131.0,8.3,15,53.7,0
CLIENT_257,29,F,162.6,52.8,58.1,prise_masse,debutant,4,2115.0,87.0,5.0,4,68.6,1
CLIENT_258,26,H,179.5,79.9,67.6,seche,debutant,4,1967.0,104.0,7.5,5,44.0,0
CLIENT_259,25,H,177.5,74.3,77.1,prise_masse,intermediaire,2,2636.0,156.0,7.0,14,94.0,0
CLIENT_260,29,F,162.2,59.8,54.3,seche,intermediaire,2,1252.0,73.0,6.3,15,64.2,0
CLIENT_261,43,H,158.8,87.9,90.9,prise_masse,intermediaire,5,2904.0,129.0,7.2,10,63.4,1
CLIENT_262,47,F,159.0,67.0,59.5,seche,debutant,3,1467.0,85.0,4.9,13,79.5,0
CLIENT_263,29,H,185.3,49.9,54.5,prise_masse,intermediaire,2,2623.0,114.0,8.4,12,67.7,1
CLIENT_264,47,H,173.7,73.2,73.6,recomposition,debutant,3,2378.0,88.0,7.4,19,49.8,0
CLIENT_265,32,F,169.0,70.9,59.9,seche,intermediaire,1,1537.0,127.0,5.8,13,80.8,1
CLIENT_266,46,H,169.0,82.7,84.4,recomposition,intermediaire,3,2097.0,141.0,6.2,21,64.5,0
CLIENT_267,31,H,187.4,89.2,89.6,recomposition,intermediaire,1,2546.0,177.0,4.9,8,90.1,1
CLIENT_268,33,H,177.1,87.5,87.0,recomposition,intermediaire,2,2398.0,135.0,6.5,8,69.3,0
CLIENT_269,35,H,179.9,80.0,75.8,seche,avance,5,2414.0,180.0,6.3,12,80.5,0
CLIENT_270,57,H,193.1,77.2,76.9,recomposition,intermediaire,2,2500.0,161.0,5.3,5,65.2,0
CLIENT_271,39,H,187.9,80.8,69.4,seche,intermediaire,2,1979.0,139.0,7.7,18,64.7,0
CLIENT_272,26,H,176.0,98.9,85.5,seche,intermediaire,4,2669.0,161.0,8.2,12,80.6,1
CLIENT_273,40,H,174.1,74.5,74.4,recomposition,debutant,3,2412.0,162.0,6.8,11,67.7,1
CLIENT_274,29,F,169.6,82.8,86.2,prise_masse,avance,2,2655.0,175.0,6.5,15,85.3,1
CLIENT_275,28,F,157.7,71.7,78.6,prise_masse,debutant,5,2656.0,120.0,7.3,5,63.5,1
CLIENT_276,39,H,177.3,104.3,88.2,seche,debutant,5,2417.0,168.0,6.8,11,70.2,1
CLIENT_277,32,H,175.4,80.1,79.3,recomposition,avance,5,2952.0,100.0,5.6,24,68.1,1
CLIENT_278,34,H,187.5,96.5,105.6,prise_masse,intermediaire,6,3615.0,125.0,6.1,17,71.6,1
CLIENT_279,32,F,168.5,77.2,81.6,prise_masse,debutant,2,2296.0,98.0,6.5,16,78.3,1
CLIENT_280,35,F,162.0,50.9,52.0,recomposition,debutant,3,1826.0,63.0,7.1,14,82.9,1
CLIENT_281,35,H,178.6,81.3,73.3,seche,debutant,2,1928.0,112.0,6.8,13,55.2,0
CLIENT_282,18,H,189.6,79.7,69.7,seche,intermediaire,2,2118.0,178.0,7.0,23,46.0,0
CLIENT_283,37,H,180.3,80.7,88.2,prise_masse,debutant,3,2675.0,174.0,5.1,23,82.4,1
CLIENT_284,24,H,184.3,95.1,93.9,recomposition,avance,4,2986.0,211.0,7.5,12,52.3,1
CLIENT_285,20,F,175.3,51.3,47.8,seche,avance,5,1704.0,100.0,6.8,23,84.7,1
CLIENT_286,32,H,172.5,87.1,81.7,seche,intermediaire,4,2196.0,170.0,9.6,5,57.0,1
CLIENT_287,33,H,181.0,69.4,62.0,seche,intermediaire,3,1897.0,94.0,6.4,10,76.4,0
CLIENT_288,26,H,184.4,71.4,71.4,recomposition,debutant,5,2862.0,146.0,7.2,10,72.0,1
CLIENT_289,39,H,178.3,111.9,97.4,seche,debutant,1,2377.0,172.0,9.9,18,94.7,1
CLIENT_290,21,H,169.6,81.7,84.4,prise_masse,intermediaire,2,2711.0,149.0,7.0,16,75.6,1
CLIENT_291,29,F,164.8,72.5,74.3,recomposition,debutant,6,2502.0,170.0,6.7,13,55.6,1
CLIENT_292,27,H,168.7,102.6,91.5,seche,debutant,6,2584.0,230.0,5.7,9,90.3,1
CLIENT_293,32,F,163.8,78.2,84.7,prise_masse,debutant,2,2285.0,116.0,8.5,14,77.9,1
CLIENT_294,34,H,178.7,91.5,94.8,prise_masse,debutant,2,3002.0,191.0,5.5,9,82.8,1
CLIENT_295,24,F,156.6,77.8,77.8,recomposition,intermediaire,4,2274.0,103.0,7.3,14,75.0,0
CLIENT_296,38,F,153.1,51.2,44.8,seche,intermediaire,6,1441.0,63.0,6.3,11,88.7,1
CLIENT_297,33,F,163.4,56.5,51.1,seche,avance,1,1220.0,70.0,6.6,22,77.4,1
CLIENT_298,18,F,165.3,72.0,64.1,seche,intermediaire,4,1884.0,101.0,5.2,19,58.7,1
CLIENT_299,18,F,157.3,45.0,46.5,prise_masse,avance,3,1933.0,92.0,8.3,7,91.4,1
CLIENT_300,32,F,164.8,67.6,67.0,recomposition,intermediaire,4,1873.0,111.0,6.5,23,81.9,1
CLIENT_301,30,F,165.3,55.8,52.6,seche,avance,4,1543.0,68.0,5.5,17,76.4,1
CLIENT_302,31,H,175.5,85.1,72.7,seche,intermediaire,1,1917.0,203.0,8.2,11,60.8,1
CLIENT_303,32,H,189.1,53.7,52.5,recomposition,debutant,3,2400.0,99.0,6.2,15,50.5,1
CLIENT_304,34,H,180.9,82.8,75.5,seche,avance,4,2098.0,138.0,7.2,8,63.3,1
CLIENT_305,40,F,167.3,68.2,62.8,seche,debutant,6,1677.0,124.0,7.7,4,56.1,1
CLIENT_306,23,H,178.7,95.3,100.5,prise_masse,debutant,6,3723.0,174.0,7.3,12,71.8,1
CLIENT_307,23,H,180.1,73.5,67.8,seche,debutant,6,2472.0,130.0,4.4,20,75.3,1
CLIENT_308,23,F,171.1,58.8,50.2,seche,debutant,2,1609.0,114.0,7.6,11,90.2,1
CLIENT_309,34,H,172.7,74.4,80.5,prise_masse,debutant,4,2761.0,168.0,6.7,12,87.1,1
CLIENT_310,42,H,183.7,66.4,61.0,seche,intermediaire,2,1590.0,104.0,6.4,24,63.1,1
CLIENT_311,29,H,169.1,79.5,86.8,prise_masse,avance,4,3065.0,142.0,6.7,24,44.8,0
CLIENT_312,18,H,180.1,85.2,89.2,prise_masse,debutant,2,2660.0,103.0,5.0,13,83.9,1
CLIENT_313,18,H,179.2,59.7,63.7,prise_masse,intermediaire,4,2658.0,133.0,7.0,4,67.2,0
CLIENT_314,25,H,174.0,69.1,59.4,seche,debutant,1,1823.0,108.0,5.3,18,30.4,0
CLIENT_315,28,H,177.9,84.1,82.6,recomposition,avance,2,1961.0,128.0,6.5,19,64.5,0
CLIENT_316,29,H,174.0,78.7,67.8,seche,debutant,3,2006.0,189.0,7.0,23,95.4,1
CLIENT_317,32,H,171.0,89.1,91.1,recomposition,debutant,2,2372.0,169.0,8.0,23,65.8,0
CLIENT_318,30,F,165.6,72.6,65.0,seche,intermediaire,3,1327.0,98.0,5.9,17,79.9,1
CLIENT_319,40,H,170.8,93.3,93.1,recomposition,intermediaire,4,2837.0,142.0,8.4,6,25.0,0
CLIENT_320,27,F,170.2,81.0,73.9,seche,intermediaire,3,1612.0,132.0,7.8,9,66.9,1
CLIENT_321,25,F,160.2,60.6,53.5,seche,intermediaire,5,1591.0,144.0,6.3,19,33.8,1
CLIENT_322,36,H,182.6,61.7,65.6,prise_masse,intermediaire,4,2507.0,106.0,5.6,16,78.0,0
CLIENT_323,20,H,170.3,69.8,63.8,seche,debutant,6,2197.0,103.0,5.2,13,92.8,1
CLIENT_324,35,H,174.3,89.4,75.6,seche,debutant,3,1773.0,168.0,7.1,12,84.2,1
CLIENT_325,33,F,154.7,64.2,69.4,prise_masse,debutant,3,2250.0,108.0,6.0,18,65.6,0
CLIENT_326,31,F,160.7,97.1,95.8,recomposition,debutant,4,2156.0,123.0,8.1,12,46.4,0
CLIENT_327,45,F,169.6,58.2,52.3,seche,debutant,2,1200.0,130.0,6.1,7,44.6,0
CLIENT_328,27,H,176.6,84.2,86.6,recomposition,intermediaire,6,2331.0,103.0,5.8,24,78.9,1
CLIENT_329,48,F,161.9,59.0,57.9,recomposition,debutant,2,1504.0,134.0,7.1,11,88.5,0
CLIENT_330,30,H,164.3,77.6,75.9,recomposition,intermediaire,2,2260.0,167.0,6.0,9,86.6,0
CLIENT_331,22,F,158.7,78.6,84.8,prise_masse,intermediaire,5,2557.0,101.0,6.8,5,47.1,1
CLIENT_332,33,H,191.0,67.4,70.0,prise_masse,intermediaire,4,2732.0,139.0,7.9,13,90.1,1
CLIENT_333,23,F,166.3,74.2,77.0,prise_masse,intermediaire,5,2701.0,158.0,6.9,24,66.9,1
CLIENT_334,26,F,167.3,71.1,77.1,prise_masse,debutant,2,2750.0,137.0,6.9,7,67.3,0
CLIENT_335,35,H,181.6,88.2,89.6,recomposition,debutant,5,2666.0,167.0,7.0,9,70.1,0
CLIENT_336,36,F,170.5,77.1,68.5,seche,intermediaire,5,1968.0,97.0,4.9,7,67.2,1
CLIENT_337,27,H,165.0,87.9,77.2,seche,intermediaire,3,1989.0,112.0,7.2,5,56.7,1
CLIENT_338,40,F,167.9,70.6,65.2,seche,debutant,1,1200.0,146.0,7.0,16,61.5,0
CLIENT_339,41,H,179.4,102.3,104.2,recomposition,debutant,4,2803.0,136.0,7.8,10,86.3,1
CLIENT_340,43,F,165.4,73.2,77.5,prise_masse,intermediaire,6,2174.0,109.0,7.5,19,57.4,0
CLIENT_341,36,H,186.5,100.1,107.3,prise_masse,intermediaire,2,3366.0,180.0,6.6,12,77.4,1
CLIENT_342,43,F,166.3,68.7,66.6,recomposition,debutant,6,2231.0,96.0,7.9,17,79.9,1
CLIENT_343,18,F,169.6,60.3,60.4,recomposition,intermediaire,3,2210.0,130.0,6.5,5,93.4,0
CLIENT_344,29,F,168.3,88.3,75.8,seche,avance,3,1665.0,192.0,7.1,10,68.4,1
CLIENT_345,25,F,165.3,55.4,56.1,recomposition,debutant,4,1831.0,122.0,6.5,12,41.5,0
CLIENT_346,33,F,160.1,73.1,75.1,recomposition,avance,4,2503.0,92.0,7.3,5,33.8,0
CLIENT_347,27,F,165.4,64.2,60.5,seche,debutant,5,1612.0,110.0,6.4,12,85.6,0
CLIENT_348,31,H,175.2,68.2,68.8,recomposition,intermediaire,1,2281.0,151.0,8.6,13,76.9,0
CLIENT_349,47,F,166.2,57.2,48.5,seche,intermediaire,1,1200.0,94.0,9.0,12,61.0,0
CLIENT_350,31,H,185.8,53.6,57.1,prise_masse,debutant,4,2373.0,109.0,7.8,14,51.4,1
CLIENT_351,35,F,161.9,56.4,58.4,prise_masse,avance,4,2424.0,108.0,8.5,20,87.9,1
CLIENT_352,30,H,164.1,92.2,87.2,seche,intermediaire,6,2521.0,149.0,5.1,20,56.1,1
CLIENT_353,33,F,171.4,51.5,48.4,seche,avance,3,1216.0,79.0,5.2,4,74.9,1
CLIENT_354,32,F,165.6,62.3,55.1,seche,debutant,4,1675.0,124.0,6.4,17,60.3,0
CLIENT_355,36,H,180.0,107.3,95.4,seche,avance,5,2454.0,146.0,6.8,22,85.3,1
CLIENT_356,41,H,184.4,75.7,79.6,prise_masse,avance,2,2684.0,169.0,6.6,22,97.6,1
CLIENT_357,45,F,166.9,62.0,52.3,seche,intermediaire,3,1636.0,117.0,5.0,10,46.7,0
CLIENT_358,34,F,160.2,50.1,43.7,seche,debutant,3,1200.0,67.0,8.1,20,83.5,1
CLIENT_359,37,H,171.8,92.6,98.0,prise_masse,intermediaire,4,3179.0,189.0,9.2,20,69.1,1
CLIENT_360,23,F,166.5,52.3,56.4,prise_masse,intermediaire,3,2215.0,90.0,8.2,11,67.2,1
CLIENT_361,31,F,170.1,77.6,84.5,prise_masse,avance,3,2705.0,112.0,8.0,22,75.8,0
CLIENT_362,40,H,172.0,63.0,63.6,recomposition,intermediaire,5,2329.0,148.0,7.0,17,59.8,1
CLIENT_363,39,H,187.9,115.8,98.6,seche,debutant,3,2338.0,239.0,5.9,19,80.1,0
CLIENT_364,34,H,176.3,63.3,61.7,recomposition,debutant,3,2626.0,121.0,6.9,19,62.9,0
CLIENT_365,39,F,163.0,55.9,49.7,seche,intermediaire,2,1526.0,124.0,9.1,20,74.1,1
CLIENT_366,36,H,179.5,70.5,76.0,prise_masse,avance,5,2735.0,131.0,6.4,24,85.0,1
CLIENT_367,42,F,167.4,75.3,74.8,recomposition,debutant,2,1718.0,130.0,6.3,22,68.2,0
CLIENT_368,34,F,160.7,64.9,64.8,recomposition,intermediaire,4,2163.0,93.0,8.0,12,82.1,1
CLIENT_369,29,H,176.5,115.5,125.4,prise_masse,avance,3,3424.0,160.0,8.1,15,59.5,1
CLIENT_370,35,F,159.3,83.3,89.7,prise_masse,debutant,5,2351.0,143.0,5.9,17,82.7,1
CLIENT_371,18,F,170.6,59.0,55.5,seche,debutant,1,1385.0,103.0,6.5,21,72.7,0
CLIENT_372,35,H,181.6,54.9,57.8,prise_masse,intermediaire,3,2306.0,114.0,6.2,12,56.2,0
CLIENT_373,18,H,180.6,80.8,82.8,recomposition,intermediaire,4,2843.0,140.0,6.9,10,78.9,0
CLIENT_374,18,H,167.8,79.9,80.4,recomposition,debutant,2,2382.0,153.0,8.0,19,84.9,1
CLIENT_375,36,H,173.3,75.5,78.3,prise_masse,avance,5,3285.0,166.0,5.9,24,47.7,1
CLIENT_376,36,H,174.2,86.9,74.8,seche,intermediaire,2,2115.0,208.0,8.0,23,55.8,1
CLIENT_377,23,F,158.5,47.1,50.2,prise_masse,avance,3,2034.0,75.0,6.9,7,66.3,1
CLIENT_378,26,H,169.1,88.2,78.3,seche,avance,6,2419.0,201.0,9.4,23,62.4,1
CLIENT_379,43,H,173.9,79.9,72.1,seche,avance,2,1861.0,173.0,7.2,20,80.8,1
CLIENT_380,28,F,167.0,66.3,56.7,seche,intermediaire,4,2075.0,85.0,6.7,7,59.7,0
CLIENT_381,50,F,160.1,68.9,72.6,prise_masse,debutant,5,2462.0,110.0,7.4,4,63.6,1
CLIENT_382,32,F,169.1,80.5,70.3,seche,intermediaire,6,1917.0,118.0,6.4,8,60.4,1
CLIENT_383,35,F,160.5,53.8,46.7,seche,debutant,6,1386.0,107.0,4.8,23,62.9,0
CLIENT_384,45,H,175.5,94.3,84.0,seche,intermediaire,4,2248.0,176.0,6.5,19,41.9,0
CLIENT_385,33,H,178.9,65.5,64.1,recomposition,debutant,4,2545.0,117.0,6.5,16,63.8,0
CLIENT_386,24,F,172.8,59.6,65.3,prise_masse,intermediaire,5,2448.0,126.0,5.0,17,65.1,1
CLIENT_387,31,F,168.8,85.2,73.5,seche,debutant,4,1756.0,136.0,6.7,12,66.5,1
CLIENT_388,32,F,168.6,78.9,67.2,seche,debutant,1,1371.0,131.0,4.5,23,77.2,0
CLIENT_389,21,H,173.9,93.8,101.8,prise_masse,debutant,6,3159.0,210.0,6.4,7,17.1,0
CLIENT_390,30,F,181.9,89.5,79.9,seche,intermediaire,3,1764.0,212.0,7.1,10,93.6,1
CLIENT_391,26,F,154.7,50.0,54.5,prise_masse,intermediaire,1,1820.0,107.0,6.9,8,95.9,1
CLIENT_392,39,H,182.7,89.2,92.0,prise_masse,debutant,2,2997.0,130.0,6.3,21,93.9,0
CLIENT_393,32,F,161.3,72.4,71.4,recomposition,avance,3,1750.0,97.0,6.7,15,75.9,1
CLIENT_394,30,F,159.9,57.0,52.6,seche,avance,2,1456.0,83.0,5.9,18,47.0,0
CLIENT_395,31,H,176.6,90.1,98.0,prise_masse,debutant,6,3396.0,154.0,6.8,23,51.4,1
CLIENT_396,34,H,180.2,84.9,76.9,seche,intermediaire,5,2539.0,126.0,6.9,8,72.5,0
CLIENT_397,37,F,157.7,76.3,77.3,recomposition,intermediaire,1,1801.0,174.0,5.8,24,77.7,0
CLIENT_398,24,H,168.6,85.5,85.6,recomposition,debutant,3,3048.0,171.0,7.1,6,62.7,0
CLIENT_399,24,H,169.8,80.0,83.8,prise_masse,intermediaire,2,2460.0,136.0,7.1,19,66.8,0
CLIENT_400,41,H,178.2,73.1,78.4,prise_masse,debutant,6,3049.0,112.0,6.6,18,60.9,1
CLIENT_401,29,H,184.7,93.1,84.2,seche,avance,6,2595.0,154.0,9.5,21,70.4,1
CLIENT_402,21,F,168.6,74.8,75.8,recomposition,avance,4,1936.0,132.0,6.6,7,76.8,0
CLIENT_403,36,F,162.8,68.3,73.9,prise_masse,avance,1,2173.0,140.0,6.5,24,51.9,1
CLIENT_404,36,H,185.7,101.0,88.9,seche,intermediaire,4,2361.0,132.0,6.3,20,78.0,1
CLIENT_405,20,F,166.4,82.9,87.3,prise_masse,intermediaire,4,2894.0,184.0,5.7,6,88.8,1
CLIENT_406,34,F,153.8,69.6,75.7,prise_masse,avance,6,2608.0,94.0,7.6,15,84.7,1
CLIENT_407,38,H,173.4,83.5,84.7,recomposition,debutant,3,2509.0,126.0,6.0,21,69.0,1
CLIENT_408,35,F,154.6,79.9,83.0,prise_masse,debutant,5,2489.0,191.0,6.2,14,83.7,1
CLIENT_409,37,H,167.5,115.0,120.0,prise_masse,intermediaire,3,3251.0,164.0,6.2,11,81.6,1
CLIENT_410,21,F,164.3,59.7,64.2,prise_masse,debutant,3,2206.0,79.0,5.7,9,70.1,0
CLIENT_411,35,F,162.2,72.3,67.7,seche,debutant,2,1220.0,142.0,4.9,14,67.5,0
CLIENT_412,30,F,177.1,89.4,83.2,seche,debutant,2,2094.0,149.0,6.3,24,84.3,0
CLIENT_413,28,H,175.0,58.0,54.2,seche,intermediaire,5,1994.0,76.0,7.8,16,84.6,1
CLIENT_414,39,F,169.4,72.3,70.6,recomposition,debutant,6,2396.0,87.0,7.0,19,35.5,0
CLIENT_415,44,H,168.8,96.8,102.9,prise_masse,debutant,5,3024.0,125.0,8.5,20,79.0,1
CLIENT_416,46,H,176.9,75.8,81.3,prise_masse,debutant,3,2862.0,139.0,7.6,20,84.0,1
CLIENT_417,43,H,173.3,73.2,67.3,seche,debutant,6,1550.0,108.0,7.4,12,83.5,1
CLIENT_418,31,F,166.0,75.7,65.1,seche,avance,1,1513.0,161.0,8.9,20,82.6,1
CLIENT_419,35,H,180.9,101.4,106.4,prise_masse,debutant,2,3099.0,226.0,6.7,10,39.8,0
CLIENT_420,38,F,163.9,71.8,67.9,seche,intermediaire,3,1363.0,99.0,6.9,16,42.6,0
CLIENT_421,33,F,165.1,65.3,57.0,seche,intermediaire,3,1546.0,105.0,6.8,10,30.1,0
CLIENT_422,33,H,188.3,80.9,82.7,recomposition,debutant,3,2824.0,111.0,8.5,23,46.5,1
CLIENT_423,39,H,171.1,73.5,64.8,seche,avance,2,1771.0,113.0,6.8,19,93.6,1
CLIENT_424,32,H,177.6,71.1,61.3,seche,intermediaire,5,2513.0,106.0,6.1,16,81.8,1
CLIENT_425,26,F,163.9,70.1,72.4,prise_masse,intermediaire,1,2107.0,150.0,7.4,13,83.7,1
CLIENT_426,29,F,165.5,75.7,74.6,recomposition,debutant,5,2290.0,122.0,5.9,14,76.3,1
CLIENT_427,37,H,168.8,70.5,63.5,seche,debutant,1,1333.0,127.0,7.4,20,66.9,0
CLIENT_428,32,F,171.5,66.8,64.9,recomposition,avance,2,1637.0,134.0,7.3,9,75.0,0
CLIENT_429,35,H,186.8,86.9,89.5,recomposition,intermediaire,3,2763.0,190.0,6.6,21,82.6,1
CLIENT_430,37,F,162.3,71.7,78.7,prise_masse,avance,4,2263.0,112.0,7.4,9,47.0,1
CLIENT_431,29,F,167.6,73.3,78.5,prise_masse,avance,2,2310.0,106.0,5.2,6,60.5,1
CLIENT_432,38,F,168.7,80.5,85.8,prise_masse,debutant,5,2646.0,191.0,7.0,19,58.1,1
CLIENT_433,35,F,162.4,72.4,78.9,prise_masse,intermediaire,1,2217.0,115.0,6.3,18,75.1,1
CLIENT_434,22,F,169.7,57.2,52.8,seche,intermediaire,2,1397.0,115.0,9.9,11,67.9,1
CLIENT_435,44,H,176.4,80.7,87.5,prise_masse,intermediaire,3,2767.0,162.0,7.0,17,21.2,1
CLIENT_436,28,H,177.7,93.7,88.9,seche,debutant,2,2455.0,170.0,6.1,19,70.1,0
CLIENT_437,19,H,178.5,94.1,81.5,seche,debutant,3,2327.0,139.0,5.3,20,75.3,1
CLIENT_438,24,H,173.6,88.3,76.7,seche,intermediaire,3,2208.0,121.0,8.2,24,73.3,0
CLIENT_439,24,F,165.1,77.6,66.0,seche,intermediaire,4,1573.0,138.0,6.4,21,51.5,1
CLIENT_440,32,F,165.1,69.8,62.9,seche,intermediaire,3,1373.0,127.0,5.9,13,75.4,0
CLIENT_441,30,F,164.4,83.5,86.2,prise_masse,debutant,4,2628.0,178.0,7.2,8,62.2,1
CLIENT_442,29,H,180.1,73.5,73.8,recomposition,debutant,5,2330.0,151.0,7.5,6,53.4,0
CLIENT_443,37,F,156.1,73.6,64.5,seche,avance,3,1498.0,169.0,7.5,16,88.8,0
CLIENT_444,35,H,181.8,69.4,73.7,prise_masse,intermediaire,5,2679.0,164.0,6.8,17,50.2,1
CLIENT_445,35,H,178.3,89.7,97.9,prise_masse,intermediaire,4,3007.0,186.0,7.0,18,59.5,0
CLIENT_446,35,F,165.5,47.5,45.1,seche,intermediaire,2,1291.0,61.0,7.1,4,68.1,1
CLIENT_447,37,F,160.2,62.5,54.5,seche,intermediaire,3,1200.0,105.0,7.2,18,76.0,1
CLIENT_448,18,F,158.4,78.2,67.3,seche,intermediaire,1,1756.0,151.0,7.3,20,91.7,1
CLIENT_449,29,H,185.4,70.6,61.5,seche,intermediaire,2,1743.0,135.0,8.0,19,61.6,1
CLIENT_450,18,F,165.9,70.9,62.9,seche,avance,1,1433.0,101.0,6.9,15,71.1,0
CLIENT_451,32,H,188.3,75.0,65.1,seche,avance,2,1717.0,142.0,5.9,4,73.0,0
CLIENT_452,32,F,178.1,77.1,82.3,prise_masse,avance,3,2400.0,125.0,6.6,14,52.5,0
CLIENT_453,40,F,166.7,78.4,71.4,seche,intermediaire,1,1402.0,126.0,7.6,17,85.8,1
CLIENT_454,42,H,170.1,97.2,85.3,seche,intermediaire,2,1897.0,214.0,4.8,15,69.6,0
CLIENT_455,34,H,172.6,80.8,71.4,seche,intermediaire,2,1961.0,138.0,4.8,16,80.3,0
CLIENT_456,28,H,178.9,75.6,82.1,prise_masse,avance,1,3081.0,139.0,7.8,14,41.3,0
CLIENT_457,36,F,174.5,90.7,85.3,seche,intermediaire,1,1577.0,170.0,8.5,15,60.6,0
CLIENT_458,28,H,179.8,87.3,95.2,prise_masse,intermediaire,1,2882.0,164.0,5.4,10,94.4,1
CLIENT_459,32,F,158.7,68.5,60.0,seche,intermediaire,6,1715.0,100.0,6.9,16,92.3,1
CLIENT_460,40,F,164.8,67.4,57.3,seche,intermediaire,3,1415.0,129.0,6.4,9,63.1,1
CLIENT_461,28,F,164.5,74.7,74.5,recomposition,intermediaire,4,2083.0,120.0,6.5,14,42.6,0
CLIENT_462,38,H,178.1,102.6,95.9,seche,debutant,2,2238.0,204.0,7.1,12,81.4,0
CLIENT_463,37,F,163.2,70.3,59.4,seche,intermediaire,4,1609.0,97.0,5.4,18,47.0,0
CLIENT_464,24,H,168.4,79.9,68.4,seche,intermediaire,6,2551.0,191.0,5.6,22,60.4,0
CLIENT_465,40,F,160.2,83.6,86.1,recomposition,debutant,2,2014.0,178.0,6.5,17,84.4,0
CLIENT_466,38,F,156.6,54.3,59.0,prise_masse,avance,3,2203.0,92.0,6.6,6,90.7,0
CLIENT_467,33,F,170.7,62.8,68.3,prise_masse,intermediaire,3,2228.0,98.0,5.6,18,71.3,1
CLIENT_468,26,F,168.0,69.2,69.3,recomposition,debutant,4,2009.0,115.0,7.7,10,88.2,0
CLIENT_469,25,H,178.3,87.3,76.6,seche,avance,5,2176.0,180.0,6.3,5,88.9,1
CLIENT_470,28,H,177.2,92.9,91.6,recomposition,intermediaire,4,2517.0,185.0,6.3,8,45.3,0
CLIENT_471,36,H,185.6,106.4,98.1,seche,intermediaire,4,2312.0,217.0,7.1,24,96.9,1
CLIENT_472,24,H,176.8,86.2,90.7,prise_masse,debutant,6,3569.0,195.0,6.7,12,45.8,1
CLIENT_473,36,H,173.5,82.5,86.4,prise_masse,avance,4,2907.0,144.0,7.7,8,88.2,1
CLIENT_474,22,H,174.7,103.6,91.1,seche,intermediaire,2,2282.0,208.0,5.8,6,45.7,1
CLIENT_475,30,H,186.3,96.6,94.7,recomposition,intermediaire,1,2644.0,167.0,5.3,17,49.1,1
CLIENT_476,33,H,181.5,79.8,73.1,seche,debutant,2,1791.0,157.0,6.5,19,83.4,1
CLIENT_477,52,H,175.5,84.1,84.5,recomposition,intermediaire,6,2627.0,149.0,6.9,11,86.5,1
CLIENT_478,21,F,171.2,54.7,50.9,seche,intermediaire,6,1352.0,117.0,5.4,6,80.5,1
CLIENT_479,44,F,157.9,67.5,73.5,prise_masse,intermediaire,3,2241.0,81.0,5.3,11,69.2,1
CLIENT_480,33,H,180.5,66.4,68.0,recomposition,intermediaire,2,1988.0,97.0,7.0,17,47.4,0
CLIENT_481,35,H,166.6,63.9,54.0,seche,avance,4,1608.0,99.0,6.0,6,87.1,0
CLIENT_482,33,H,182.9,72.5,74.3,recomposition,intermediaire,1,1996.0,169.0,5.2,9,53.7,0
CLIENT_483,36,F,168.3,72.7,79.0,prise_masse,debutant,6,2726.0,131.0,7.9,4,78.5,1
CLIENT_484,31,H,193.5,75.6,78.1,prise_masse,avance,3,2975.0,124.0,6.1,13,78.1,0
CLIENT_485,44,H,170.8,92.3,78.2,seche,intermediaire,4,2209.0,156.0,8.1,7,67.9,0
CLIENT_486,28,H,177.3,81.8,84.6,prise_masse,avance,3,2915.0,143.0,6.8,8,91.4,1
CLIENT_487,41,H,189.7,86.6,93.2,prise_masse,avance,2,2747.0,194.0,7.1,6,87.1,1
CLIENT_488,27,H,185.7,68.1,71.9,prise_masse,avance,4,2888.0,160.0,6.6,19,89.0,1
CLIENT_489,32,F,169.7,49.2,42.4,seche,intermediaire,1,1200.0,109.0,3.9,14,92.0,0
CLIENT_490,23,F,168.7,57.2,53.8,seche,intermediaire,3,1243.0,126.0,5.5,23,97.3,1
CLIENT_491,36,F,163.7,53.9,53.1,recomposition,debutant,4,2028.0,78.0,6.7,12,53.5,0
CLIENT_492,44,F,153.9,71.8,65.5,seche,intermediaire,2,1232.0,109.0,7.2,8,82.7,1
CLIENT_493,31,F,162.3,53.6,55.4,prise_masse,intermediaire,2,1797.0,103.0,4.8,8,78.9,0
CLIENT_494,30,H,177.4,112.6,110.3,recomposition,intermediaire,5,3058.0,224.0,6.7,24,88.6,1
CLIENT_495,23,F,158.5,55.5,52.3,seche,avance,2,1200.0,80.0,5.6,16,70.1,0
CLIENT_496,30,H,178.9,75.0,67.9,seche,debutant,1,1446.0,157.0,7.1,10,64.9,0
CLIENT_497,19,H,180.9,81.7,84.6,prise_masse,debutant,5,3343.0,118.0,6.8,17,59.4,1
CLIENT_498,25,F,165.8,86.2,75.9,seche,intermediaire,3,1780.0,131.0,7.6,15,52.9,1
CLIENT_499,34,H,167.5,82.0,86.2,prise_masse,intermediaire,4,2925.0,129.0,8.0,6,56.2,1
CLIENT_500,43,H,184.4,83.6,86.2,prise_masse,debutant,4,2864.0,185.0,7.3,18,80.9,1
CLIENT_501,54,F,176.3,67.8,70.6,prise_masse,debutant,1,2171.0,141.0,7.7,6,77.7,0
CLIENT_502,27,F,161.7,67.5,57.8,seche,avance,5,1712.0,124.0,6.4,8,57.9,1
CLIENT_503,43,F,153.1,58.0,61.0,prise_masse,intermediaire,3,2108.0,127.0,9.9,18,75.8,1
CLIENT_504,34,H,168.2,81.9,88.3,prise_masse,debutant,4,3007.0,178.0,5.5,13,63.8,1
CLIENT_505,31,H,171.3,76.6,72.4,seche,debutant,3,1885.0,128.0,6.2,8,92.5,1
CLIENT_506,35,F,171.6,70.0,75.9,prise_masse,intermediaire,3,2381.0,150.0,7.8,5,63.1,1
CLIENT_507,32,H,186.0,84.8,84.8,recomposition,debutant,2,2850.0,123.0,7.6,16,35.6,0
CLIENT_508,33,F,167.8,56.7,60.9,prise_masse,intermediaire,2,2126.0,102.0,7.3,18,79.8,0
CLIENT_509,29,H,182.2,82.7,89.8,prise_masse,intermediaire,5,3351.0,111.0,7.5,8,37.5,1
CLIENT_510,21,H,174.5,89.2,76.4,seche,debutant,1,2160.0,153.0,4.5,12,57.3,0
CLIENT_511,20,H,179.6,77.0,73.1,seche,intermediaire,4,2374.0,140.0,8.5,11,63.7,1
CLIENT_512,37,F,170.8,69.7,58.8,seche,debutant,2,1257.0,90.0,6.6,22,47.2,1
CLIENT_513,30,H,183.7,88.9,80.5,seche,debutant,6,2738.0,156.0,8.2,20,69.2,1
CLIENT_514,27,H,174.5,95.3,94.9,recomposition,avance,1,2779.0,189.0,4.6,9,61.6,0
CLIENT_515,32,H,167.8,93.3,85.4,seche,intermediaire,1,1593.0,181.0,7.1,14,50.6,0
CLIENT_516,38,H,169.0,91.7,91.4,recomposition,avance,6,3352.0,116.0,6.2,23,79.8,0
CLIENT_517,33,H,174.5,82.7,76.0,seche,debutant,2,1757.0,109.0,7.4,11,51.9,1
CLIENT_518,27,F,172.0,48.5,41.9,seche,debutant,3,1200.0,79.0,7.1,6,63.3,1
CLIENT_519,42,H,180.7,97.8,91.1,seche,intermediaire,6,2101.0,216.0,7.2,10,29.3,1
CLIENT_520,45,F,180.4,74.8,64.6,seche,intermediaire,2,1946.0,168.0,5.6,16,27.7,0
CLIENT_521,36,F,160.5,59.7,60.1,recomposition,avance,1,1669.0,94.0,6.7,24,85.8,1
CLIENT_522,40,H,166.7,86.4,87.7,recomposition,debutant,3,2564.0,178.0,6.6,10,83.8,1
CLIENT_523,42,H,179.3,89.4,87.7,recomposition,avance,1,2111.0,169.0,7.3,5,78.9,0
CLIENT_524,41,F,162.1,83.7,72.5,seche,avance,6,1622.0,199.0,7.9,7,48.5,1
CLIENT_525,37,H,174.8,83.0,81.8,recomposition,intermediaire,6,2798.0,109.0,7.0,12,63.8,1
CLIENT_526,37,H,178.9,82.8,70.3,seche,debutant,2,1878.0,154.0,5.4,5,58.3,0
CLIENT_527,36,F,162.4,58.6,60.2,recomposition,intermediaire,1,1494.0,112.0,6.9,4,59.4,0
CLIENT_528,23,F,167.2,45.0,49.3,prise_masse,debutant,6,2077.0,71.0,9.7,17,54.9,1
CLIENT_529,38,F,162.0,62.6,59.0,seche,intermediaire,1,1278.0,79.0,8.6,21,91.5,1
CLIENT_530,21,H,175.1,81.9,73.9,seche,intermediaire,1,1817.0,103.0,3.5,8,83.2,0
CLIENT_531,26,F,165.1,69.8,61.6,seche,avance,3,1675.0,122.0,6.9,14,69.2,1
CLIENT_532,42,F,172.7,71.3,67.6,seche,intermediaire,4,1417.0,145.0,7.8,16,64.6,1
CLIENT_533,39,H,176.9,73.3,74.6,recomposition,intermediaire,6,2752.0,150.0,6.6,18,78.2,1
CLIENT_534,44,F,170.0,72.6,74.8,recomposition,intermediaire,6,1813.0,103.0,6.3,24,41.7,0
CLIENT_535,30,H,163.2,77.7,77.0,recomposition,intermediaire,4,2313.0,173.0,6.5,22,70.6,1
CLIENT_536,23,H,182.2,78.9,69.0,seche,avance,4,2478.0,130.0,7.4,10,90.8,0
CLIENT_537,30,H,177.3,77.4,84.1,prise_masse,debutant,2,2657.0,182.0,5.5,24,61.2,0
CLIENT_538,33,H,171.4,98.4,90.1,seche,avance,3,1660.0,132.0,8.1,4,40.0,0
CLIENT_539,33,H,178.8,95.2,103.5,prise_masse,avance,1,2827.0,210.0,6.7,24,60.3,0
CLIENT_540,41,F,163.3,60.5,55.4,seche,avance,1,1244.0,139.0,5.8,6,76.6,0
CLIENT_541,29,F,167.4,60.5,52.2,seche,intermediaire,5,1476.0,132.0,8.0,6,63.3,0
CLIENT_542,35,F,178.4,60.2,64.4,prise_masse,avance,2,2140.0,131.0,5.1,6,81.4,0
CLIENT_543,24,F,163.4,59.5,50.9,seche,debutant,4,1709.0,97.0,6.2,6,41.6,0
CLIENT_544,36,F,167.5,52.6,54.4,prise_masse,intermediaire,5,2426.0,108.0,6.2,13,69.3,1
CLIENT_545,32,H,168.9,61.7,65.7,prise_masse,debutant,5,2639.0,117.0,9.2,17,78.9,1
CLIENT_546,26,H,173.7,78.3,68.8,seche,debutant,3,1983.0,134.0,6.0,19,56.1,0
CLIENT_547,30,H,190.5,93.8,92.2,recomposition,intermediaire,6,3291.0,224.0,4.4,4,74.6,1
CLIENT_548,31,H,185.3,113.6,123.2,prise_masse,debutant,3,3348.0,176.0,6.2,10,78.2,1
CLIENT_549,30,F,168.1,71.5,69.4,recomposition,debutant,3,1999.0,121.0,7.3,6,48.8,0
CLIENT_550,46,H,171.9,74.1,80.3,prise_masse,avance,4,2744.0,169.0,7.7,7,74.0,1
CLIENT_551,31,H,174.6,68.6,74.0,prise_masse,debutant,4,2977.0,106.0,9.3,19,74.1,1
CLIENT_552,30,H,178.5,91.2,94.0,prise_masse,intermediaire,3,3123.0,126.0,8.3,17,64.2,0
CLIENT_553,18,H,178.2,61.1,59.7,recomposition,debutant,2,2081.0,96.0,7.0,8,96.2,1
CLIENT_554,25,F,159.6,76.6,79.5,prise_masse,intermediaire,5,2571.0,162.0,5.8,10,69.6,1
CLIENT_555,30,H,177.8,94.6,84.3,seche,intermediaire,2,1997.0,211.0,8.6,23,65.5,1
CLIENT_556,27,H,176.6,89.7,75.7,seche,intermediaire,6,2268.0,120.0,6.4,16,59.3,1
CLIENT_557,43,H,168.6,81.1,88.2,prise_masse,intermediaire,2,2789.0,158.0,6.1,9,49.7,1
CLIENT_558,31,H,174.6,91.3,78.2,seche,avance,1,1486.0,172.0,6.3,23,80.2,1
CLIENT_559,42,F,165.5,62.1,54.6,seche,avance,5,1565.0,124.0,5.4,8,84.5,1
CLIENT_560,32,H,169.1,73.9,65.2,seche,debutant,1,1569.0,148.0,6.3,10,65.1,1
CLIENT_561,32,H,176.8,108.1,118.1,prise_masse,intermediaire,3,3193.0,254.0,6.5,18,47.9,0
CLIENT_562,31,H,172.7,79.4,73.6,seche,intermediaire,6,2051.0,128.0,7.6,14,83.8,1
CLIENT_563,32,F,170.1,74.9,81.8,prise_masse,debutant,3,2361.0,117.0,6.4,5,67.0,0
CLIENT_564,46,F,173.9,73.1,71.0,recomposition,avance,3,1849.0,139.0,5.4,20,86.0,1
CLIENT_565,18,F,163.9,63.8,65.4,recomposition,debutant,3,1952.0,109.0,5.0,8,95.8,1
CLIENT_566,18,F,152.7,58.3,55.1,seche,avance,1,1200.0,103.0,7.0,18,86.3,0
CLIENT_567,28,F,163.9,74.6,77.4,prise_masse,debutant,6,2485.0,96.0,6.9,11,74.1,1
CLIENT_568,32,H,182.4,91.3,99.9,prise_masse,debutant,1,2761.0,126.0,6.2,19,77.2,1
CLIENT_569,38,H,173.0,91.3,95.1,prise_masse,avance,1,2684.0,212.0,6.3,22,84.1,1
CLIENT_570,36,H,174.2,75.6,79.8,prise_masse,avance,6,3145.0,97.0,7.2,20,91.1,1
CLIENT_571,29,H,180.0,91.1,81.0,seche,avance,2,2015.0,174.0,8.3,23,60.2,1
CLIENT_572,40,F,174.0,61.0,62.4,recomposition,avance,5,2054.0,128.0,5.9,15,76.4,1
CLIENT_573,40,H,183.8,76.1,67.5,seche,intermediaire,4,2147.0,92.0,6.9,5,48.4,1
CLIENT_574,33,F,168.9,78.4,79.8,recomposition,debutant,5,1866.0,115.0,7.9,15,76.9,1
CLIENT_575,40,F,168.7,63.7,69.5,prise_masse,debutant,1,2090.0,105.0,5.9,13,95.1,1
CLIENT_576,34,H,173.7,74.8,69.7,seche,intermediaire,3,1709.0,135.0,6.8,19,97.5,1
CLIENT_577,28,F,166.2,69.9,73.4,prise_masse,debutant,4,2450.0,113.0,6.8,9,64.3,1
CLIENT_578,38,F,157.9,45.0,42.5,seche,avance,6,1255.0,89.0,5.4,18,79.0,1
CLIENT_579,33,F,151.9,57.1,56.7,recomposition,debutant,4,2004.0,84.0,7.0,13,64.1,0
CLIENT_580,32,H,189.1,71.0,75.4,prise_masse,debutant,6,2989.0,87.0,6.8,18,51.8,1
CLIENT_581,44,H,192.7,88.6,82.3,seche,debutant,4,2576.0,106.0,7.4,12,64.2,1
CLIENT_582,18,H,171.3,93.7,87.1,seche,debutant,2,2132.0,151.0,5.5,12,65.1,1
CLIENT_583,21,H,178.5,82.9,82.1,recomposition,debutant,6,2720.0,135.0,6.8,8,48.6,1
CLIENT_584,23,H,170.4,97.1,91.8,seche,intermediaire,3,2216.0,227.0,8.3,21,89.5,0
CLIENT_585,29,F,159.0,55.3,54.0,recomposition,debutant,3,1917.0,69.0,9.1,5,73.4,1
CLIENT_586,30,F,162.9,71.9,70.1,recomposition,intermediaire,2,2000.0,132.0,8.2,8,54.6,1
CLIENT_587,20,H,171.1,71.3,73.9,prise_masse,avance,4,2993.0,135.0,5.5,12,91.6,1
CLIENT_588,24,H,171.2,97.2,87.4,seche,intermediaire,2,1975.0,198.0,7.3,7,87.4,1
CLIENT_589,25,H,177.1,74.0,78.8,prise_masse,intermediaire,5,3186.0,146.0,6.3,23,58.0,1
CLIENT_590,52,H,170.1,88.5,89.4,recomposition,debutant,3,2535.0,107.0,7.1,11,82.8,1
CLIENT_591,46,F,162.7,45.0,40.6,seche,debutant,4,1200.0,88.0,6.0,9,55.7,0
CLIENT_592,29,H,172.0,70.3,64.8,seche,debutant,2,1506.0,112.0,4.9,9,86.0,0
CLIENT_593,29,H,196.3,76.1,65.4,seche,avance,4,2443.0,162.0,6.4,8,74.2,1
CLIENT_594,23,F,158.4,58.6,55.2,seche,intermediaire,1,1200.0,84.0,7.6,17,87.6,0
CLIENT_595,18,H,178.5,86.6,89.4,prise_masse,debutant,1,2988.0,178.0,7.1,14,77.7,0
CLIENT_596,31,H,169.6,70.9,73.7,prise_masse,intermediaire,5,2935.0,138.0,7.2,8,80.0,1
CLIENT_597,24,F,174.6,67.4,72.1,prise_masse,avance,2,2358.0,134.0,7.0,22,86.5,0
CLIENT_598,31,F,162.9,64.8,55.8,seche,intermediaire,1,1255.0,91.0,7.2,17,45.5,0
CLIENT_599,19,F,150.4,66.7,56.5,seche,intermediaire,4,1510.0,134.0,7.4,12,59.4,1
CLIENT_600,26,F,168.0,66.7,61.1,seche,avance,2,1707.0,139.0,6.5,14,82.4,0
